firstName,lastName,gender,email,phone,branch,accountType,accountBalance
Dud,Ishak,Male,dishak0@alexa.com,970-613-2617,Ukraine,Current,77455
Jolyn,Bragg,Genderqueer,jbragg1@go.com,614-319-7266,United States,Fixed,28777
Sallie,Gaw,Female,sgaw2@mit.edu,997-395-9270,France,Saving,75047
Belle,De Biasi,Female,bdebiasi3@ucla.edu,592-563-0424,Democratic Republic of the Congo,Saving,44483
Bing,Filov,Male,bfilov4@engadget.com,343-984-1150,Indonesia,Saving,30517
West,Douberday,Male,wdouberday5@mozilla.org,615-444-4318,Brazil,Current,82201
Marion,Northridge,Female,mnorthridge6@newsvine.com,149-504-2848,Dominican Republic,Fixed,63474
Hillary,Whittle,Non-binary,hwhittle7@free.fr,800-103-2454,China,Recurring,93021
Standford,Semour,Genderqueer,ssemour8@live.com,442-441-9317,Indonesia,Current,34976
Babs,Orridge,Female,borridge9@exblog.jp,654-596-4163,Netherlands,Saving,26832
Arliene,Dunnett,Female,adunnetta@microsoft.com,799-950-8349,China,Current,70813
Anabal,Bick,Female,abickb@icq.com,100-307-6924,Ukraine,Recurring,81973
Thelma,Hoodlass,Female,thoodlassc@ucsd.edu,627-566-6711,China,Recurring,76199
Othello,Sperrett,Male,osperrettd@feedburner.com,326-887-9247,France,Fixed,46524
Kristal,Herche,Female,kherchee@cbslocal.com,928-973-7589,China,Saving,63676
Archibaldo,Goldberg,Male,agoldbergf@ted.com,733-212-0386,Brazil,Fixed,40848
Traver,Sutheran,Male,tsutherang@wired.com,231-864-6056,Bosnia and Herzegovina,Fixed,57433
Noelani,Baggally,Female,nbaggallyh@discuz.net,641-445-0261,Brazil,Fixed,80739
Maye,Peetermann,Female,mpeetermanni@rambler.ru,222-435-3367,Bulgaria,Current,72568
Barbara,Coleyshaw,Agender,bcoleyshawj@unc.edu,415-111-0479,Ecuador,Current,92714
Fania,Rewan,Female,frewank@msu.edu,191-884-4571,Tunisia,Recurring,40205
Wolfgang,Oakes,Male,woakesl@illinois.edu,257-206-7432,Indonesia,Recurring,63834
Ade,O' Timony,Male,aotimonym@gov.uk,869-144-1196,Brazil,Recurring,43131
Cherrita,Dyers,Female,cdyersn@wikimedia.org,458-114-4414,China,Recurring,37119
Ram,Picknett,Male,rpicknetto@sitemeter.com,844-259-6129,Greece,Recurring,38993
Lauree,Welbelove,Female,lwelbelovep@wikipedia.org,712-218-2506,Indonesia,Current,44278
Christie,Fleischer,Male,cfleischerq@earthlink.net,738-533-1171,Iran,Saving,75641
Winthrop,Hamm,Male,whammr@virginia.edu,582-122-9264,Slovenia,Current,34105
Cedric,Thring,Male,cthrings@cpanel.net,320-144-8534,China,Saving,88134
Lenci,Skipsey,Male,lskipseyt@oaic.gov.au,443-819-1410,China,Saving,91354
Marna,Breen,Female,mbreenu@gravatar.com,755-125-7502,Poland,Fixed,67691
Moss,Doret,Male,mdoretv@flavors.me,530-901-1228,Brazil,Current,59476
Goldie,Garland,Female,ggarlandw@webeden.co.uk,257-379-3499,Brazil,Fixed,35264
Arlena,Armytage,Female,aarmytagex@cocolog-nifty.com,258-586-8992,Brazil,Recurring,56660
Ianthe,Hamlen,Bigender,ihamleny@sakura.ne.jp,407-843-4247,Greece,Current,39205
Mame,Kenworth,Female,mkenworthz@gmpg.org,750-276-1808,Portugal,Saving,81061
Joletta,O'Keefe,Female,jokeefe10@artisteer.com,345-311-4328,Russia,Current,89501
Demetris,Golby,Female,dgolby11@privacy.gov.au,323-136-0870,United States,Saving,87192
Brianna,Benez,Female,bbenez12@ustream.tv,143-309-5021,China,Saving,98766
Gratia,Mahedy,Female,gmahedy13@sbwire.com,362-587-9986,Philippines,Current,65065
Allissa,Kensall,Female,akensall14@de.vu,621-600-1159,Russia,Current,83958
Ingaberg,Laba,Female,ilaba15@jalbum.net,674-550-0587,Brazil,Saving,65021
Glory,Babalola,Bigender,gbabalola16@deviantart.com,220-483-5637,Ukraine,Recurring,81428
Yorke,Hemms,Male,yhemms17@phpbb.com,560-750-1697,China,Current,60443
Haskel,Najara,Male,hnajara18@twitpic.com,714-554-4153,Sweden,Recurring,45383
Lennie,Portress,Male,lportress19@seesaa.net,870-183-5539,Finland,Current,80009
Fabian,Goodoune,Male,fgoodoune1a@yellowbook.com,746-893-9654,Marshall Islands,Fixed,59809
Valentin,Lambarton,Male,vlambarton1b@ebay.com,229-940-0648,Montenegro,Saving,58729
Colas,Abrahamsen,Polygender,cabrahamsen1c@deviantart.com,557-794-1168,France,Fixed,54259
Christabella,O'Scully,Female,coscully1d@samsung.com,538-928-2462,Colombia,Current,90264
Bennie,Trinke,Non-binary,btrinke1e@hatena.ne.jp,553-748-1871,South Africa,Saving,67670
Cristian,Mackleden,Male,cmackleden1f@wufoo.com,730-252-2548,Chile,Current,28772
Rufus,Santello,Male,rsantello1g@trellian.com,716-544-4886,China,Current,41893
Smith,Songust,Male,ssongust1h@prlog.org,586-272-2263,Indonesia,Recurring,57438
Jeni,Rodger,Genderqueer,jrodger1i@cnet.com,288-561-9583,Indonesia,Current,36169
Constanta,Comiam,Female,ccomiam1j@who.int,560-978-8891,Mauritius,Current,29743
Burty,Cutbirth,Male,bcutbirth1k@domainmarket.com,104-338-0122,China,Current,89188
Keefer,Caddie,Male,kcaddie1l@nsw.gov.au,495-708-8739,France,Recurring,70680
Jarib,Ankers,Male,jankers1m@linkedin.com,203-806-9578,France,Current,55810
Nikita,Rennolds,Male,nrennolds1n@arizona.edu,939-519-9155,China,Saving,74642
Norris,Millson,Male,nmillson1o@bizjournals.com,117-607-6908,Ireland,Current,74191
Tait,O' Culligan,Male,toculligan1p@biglobe.ne.jp,891-446-0089,Russia,Current,98162
Mabel,Ferrarone,Female,mferrarone1q@slate.com,443-669-1163,China,Current,84432
Shepherd,Doud,Male,sdoud1r@uiuc.edu,874-226-4208,Nigeria,Saving,46619
Alvin,Larmour,Male,alarmour1s@hatena.ne.jp,522-621-9071,Poland,Recurring,82970
May,Tellwright,Female,mtellwright1t@youtu.be,901-266-9397,Greece,Fixed,25336
Bret,Vallens,Male,bvallens1u@tumblr.com,551-205-2523,Ireland,Current,30218
Gertrudis,Creavan,Female,gcreavan1v@biglobe.ne.jp,896-323-8268,Czech Republic,Saving,72734
Bev,Bolino,Polygender,bbolino1w@bbb.org,688-897-1545,France,Current,98921
Gilberte,Hedgeman,Female,ghedgeman1x@topsy.com,204-819-8853,Russia,Saving,27916
Alf,Hacquoil,Male,ahacquoil1y@rambler.ru,649-415-9535,Russia,Current,92899
Clemens,Gallager,Male,cgallager1z@bbc.co.uk,225-181-7339,Philippines,Fixed,95580
Ezra,Kares,Male,ekares20@unc.edu,835-396-0847,China,Saving,81949
Ugo,Coom,Male,ucoom21@symantec.com,925-961-9539,Philippines,Fixed,45324
Arthur,Ruggiero,Male,aruggiero22@phpbb.com,699-566-1150,Azerbaijan,Fixed,32353
Rockey,Kindall,Male,rkindall23@elpais.com,843-664-5976,Serbia,Saving,90556
Rurik,Farrear,Male,rfarrear24@symantec.com,467-261-5095,China,Current,40658
Nichole,Dillow,Male,ndillow25@techcrunch.com,390-205-6658,Russia,Saving,52683
Jorge,Brydie,Male,jbrydie26@people.com.cn,293-593-3922,Czech Republic,Current,93245
Albrecht,Defries,Male,adefries27@noaa.gov,990-587-6042,Indonesia,Current,88170
Murvyn,Longstaff,Male,mlongstaff28@webs.com,321-278-5972,China,Fixed,66806
Ewan,Crosland,Male,ecrosland29@cloudflare.com,562-453-2275,United States,Fixed,81146
Jacynth,Weond,Female,jweond2a@google.ru,710-439-5441,China,Recurring,62458
Genni,Butt Gow,Female,gbuttgow2b@360.cn,835-391-9721,South Africa,Current,79080
Ardelis,Loyley,Female,aloyley2c@free.fr,679-369-7397,Russia,Saving,86502
Sholom,Furtado,Male,sfurtado2d@jiathis.com,195-574-0892,Portugal,Recurring,88207
Hedwig,Linn,Female,hlinn2e@redcross.org,739-937-9018,Indonesia,Fixed,54401
Rutherford,Blacksell,Male,rblacksell2f@usgs.gov,355-906-1899,Thailand,Recurring,31454
Rice,Scrinage,Male,rscrinage2g@statcounter.com,142-614-5150,Malaysia,Current,37518
Kerry,Kleynen,Male,kkleynen2h@unicef.org,962-254-0894,China,Current,68657
Deny,Frisel,Female,dfrisel2i@e-recht24.de,347-491-3346,Croatia,Recurring,40151
Julee,Chaff,Female,jchaff2j@youtu.be,665-849-2954,France,Fixed,26388
Georgie,Eakly,Male,geakly2k@squidoo.com,627-958-7492,China,Recurring,35371
Euell,Snoddy,Male,esnoddy2l@blogger.com,455-784-8545,Poland,Recurring,43989
Daffie,Jarrold,Female,djarrold2m@barnesandnoble.com,884-495-8889,Portugal,Current,70566
Elysia,Frewer,Female,efrewer2n@blinklist.com,356-192-3030,Indonesia,Recurring,52242
Kimball,Manie,Male,kmanie2o@geocities.jp,769-903-0823,Indonesia,Saving,81930
Durand,Perell,Male,dperell2p@unc.edu,970-528-2511,United States,Current,79690
Greta,Haigh,Female,ghaigh2q@vimeo.com,982-222-7378,Indonesia,Recurring,35158
Oberon,Worswick,Male,oworswick2r@cnet.com,271-318-8770,Portugal,Recurring,70530
Martin,Ridesdale,Male,mridesdale2s@mit.edu,868-783-8805,Indonesia,Current,29396
Curcio,Pitherick,Male,cpitherick2t@weather.com,193-522-4872,Brazil,Recurring,69710
Sherwynd,Slimings,Male,sslimings2u@oaic.gov.au,896-614-9723,Japan,Current,33168
Seumas,Suarez,Bigender,ssuarez2v@nytimes.com,161-927-6373,China,Current,32287
Sisile,Louis,Female,slouis2w@mediafire.com,797-543-2634,Germany,Fixed,36706
Kilian,Pittam,Male,kpittam2x@blogspot.com,417-162-8247,China,Fixed,31683
Vivyanne,Ashmore,Female,vashmore2y@xinhuanet.com,474-833-7890,Indonesia,Saving,55984
Aksel,Hortop,Male,ahortop2z@ifeng.com,628-650-1193,Russia,Fixed,64545
Birk,Alves,Male,balves30@devhub.com,140-407-7680,Poland,Current,56580
Lauren,Eliesco,Male,leliesco31@foxnews.com,712-410-7384,China,Saving,87538
Eugene,Moyles,Male,emoyles32@qq.com,106-840-2143,China,Fixed,38980
Karoline,Hourston,Female,khourston33@eepurl.com,544-597-8074,China,Current,73072
Stormi,Crowley,Non-binary,scrowley34@pagesperso-orange.fr,593-837-0502,Sweden,Current,25266
Daria,Zielinski,Female,dzielinski35@google.com.au,770-430-6333,Sweden,Current,73421
Selby,Caveney,Male,scaveney36@sourceforge.net,559-657-6782,China,Saving,61787
Cooper,Fanthome,Bigender,cfanthome37@skype.com,196-442-5822,Lesotho,Current,76979
Valentijn,O'Hollegan,Male,vohollegan38@shareasale.com,240-898-3205,Portugal,Saving,54677
Bobbe,O'Moylane,Female,bomoylane39@flickr.com,494-769-5268,Malaysia,Fixed,68743
Erinna,Raeside,Female,eraeside3a@vimeo.com,930-689-9684,Russia,Fixed,99315
Aili,Saiger,Female,asaiger3b@zimbio.com,312-971-7316,Azerbaijan,Fixed,58522
Chrotoem,de Chastelain,Male,cdechastelain3c@photobucket.com,482-528-3275,Azerbaijan,Current,80745
Adella,MacCall,Female,amaccall3d@soundcloud.com,292-279-5260,Peru,Current,76850
Leroi,Paulucci,Male,lpaulucci3e@elegantthemes.com,405-412-8795,Philippines,Fixed,29263
Audrie,Barnhill,Female,abarnhill3f@dropbox.com,384-893-1752,Peru,Saving,64648
Oswald,Domenget,Male,odomenget3g@hp.com,786-183-8601,China,Recurring,42267
Hagen,Blackston,Male,hblackston3h@mayoclinic.com,961-815-3185,Peru,Saving,48695
Morris,Ducarne,Male,mducarne3i@trellian.com,632-872-6702,Russia,Current,28746
Aarika,Buddle,Female,abuddle3j@indiatimes.com,565-907-3379,China,Current,84649
Carolann,Bramwell,Female,cbramwell3k@nydailynews.com,725-588-1540,South Africa,Current,26516
Marcela,Spencers,Female,mspencers3l@opensource.org,704-208-3568,Russia,Saving,58126
Dulcine,Honatsch,Female,dhonatsch3m@youku.com,807-600-6133,Indonesia,Fixed,30866
Fons,O'Malley,Male,fomalley3n@craigslist.org,479-805-9539,Falkland Islands,Recurring,73755
Dimitri,Rasor,Male,drasor3o@live.com,940-105-0350,Brazil,Recurring,77971
Leanna,Burwood,Female,lburwood3p@sakura.ne.jp,820-936-5324,Russia,Fixed,59934
Frances,Goady,Female,fgoady3q@chron.com,238-819-4748,Bolivia,Saving,48856
Chantal,McCane,Non-binary,cmccane3r@t-online.de,156-235-4088,Canada,Recurring,82809
Lewie,Harness,Male,lharness3s@webs.com,307-119-8396,China,Saving,48517
Blinni,Boughey,Female,bboughey3t@soundcloud.com,731-496-6333,Iran,Fixed,53685
Arluene,Scad,Female,ascad3u@hugedomains.com,704-954-1777,Croatia,Current,99307
Gareth,Shovel,Male,gshovel3v@xrea.com,130-590-6029,Canada,Recurring,60594
Horacio,Bremmell,Male,hbremmell3w@ibm.com,615-587-7396,Russia,Recurring,74945
Georgina,Westcot,Female,gwestcot3x@soup.io,672-832-4301,Brazil,Current,81657
Nari,Chevers,Female,nchevers3y@sina.com.cn,590-495-7146,Poland,Fixed,91373
Ralina,Hankin,Female,rhankin3z@cdbaby.com,782-472-6317,Argentina,Saving,50072
Cybill,Lantaff,Female,clantaff40@sphinn.com,986-596-1507,China,Saving,99223
Mac,Warrillow,Male,mwarrillow41@arstechnica.com,930-398-2038,China,Current,94514
Mitch,MacEllen,Agender,mmacellen42@newyorker.com,667-257-7323,Indonesia,Recurring,39055
Meir,Avramov,Male,mavramov43@aol.com,852-552-1539,Iran,Saving,93317
Merrile,Bomb,Female,mbomb44@webs.com,330-945-2042,Slovenia,Fixed,88003
Bathsheba,Waker,Female,bwaker45@gov.uk,443-765-6334,Brazil,Saving,41314
Sunny,Corhard,Female,scorhard46@cloudflare.com,979-558-0634,Japan,Recurring,90375
Shayna,Rappa,Female,srappa47@elpais.com,543-557-0631,Pakistan,Saving,60802
Zita,Duiguid,Female,zduiguid48@yahoo.co.jp,408-208-1473,United States,Fixed,54270
Franky,Boobier,Male,fboobier49@acquirethisname.com,638-876-8410,Netherlands,Saving,34835
Kristos,Gilhooley,Male,kgilhooley4a@livejournal.com,722-149-7198,Honduras,Saving,27225
Aubert,Thornally,Polygender,athornally4b@about.com,507-126-2590,Ireland,Recurring,45070
Lucretia,Ianno,Female,lianno4c@webnode.com,413-558-8244,China,Recurring,54591
Urban,Whitlow,Male,uwhitlow4d@a8.net,824-377-5383,Georgia,Recurring,73379
Harold,Rhubottom,Male,hrhubottom4e@wordpress.com,712-108-1850,Vietnam,Recurring,38013
Catharina,Banville,Female,cbanville4f@gnu.org,280-919-6653,United Kingdom,Current,89864
Clerc,Walework,Genderfluid,cwalework4g@fda.gov,671-845-6387,Thailand,Fixed,72245
Randi,Tonbye,Female,rtonbye4h@cdc.gov,834-751-3349,Sweden,Fixed,33986
Louie,Crosscombe,Male,lcrosscombe4i@jiathis.com,895-817-6813,Philippines,Fixed,50575
Arch,Shortell,Male,ashortell4j@toplist.cz,597-612-1921,China,Fixed,27777
Leigh,Privost,Male,lprivost4k@phoca.cz,470-507-9762,France,Current,87867
Nicola,Oakenfall,Male,noakenfall4l@goo.ne.jp,315-184-7781,China,Saving,35481
Ira,Gresham,Female,igresham4m@harvard.edu,207-643-1381,Japan,Recurring,82835
Shandie,Slee,Female,sslee4n@sbwire.com,899-707-1382,France,Saving,28330
Archambault,Oscroft,Male,aoscroft4o@hibu.com,665-762-3223,Indonesia,Current,44298
Myrwyn,Kiledal,Male,mkiledal4p@cnbc.com,541-932-3537,Brazil,Saving,64710
Robinett,Hradsky,Female,rhradsky4q@angelfire.com,477-838-8084,Portugal,Fixed,70193
Daniel,Duthy,Genderfluid,dduthy4r@patch.com,260-728-3162,China,Saving,86378
Daveen,D'Errico,Female,dderrico4s@qq.com,390-851-9424,China,Current,28511
Jaquelyn,Fer,Agender,jfer4t@army.mil,123-414-1211,Indonesia,Fixed,99720
Anallise,Edgerly,Female,aedgerly4u@seesaa.net,729-168-0784,Morocco,Fixed,73365
Hilary,Marcroft,Female,hmarcroft4v@disqus.com,295-664-8435,Philippines,Current,50126
Kippar,Butner,Male,kbutner4w@gizmodo.com,919-966-0249,Germany,Recurring,66479
Brant,Benezeit,Male,bbenezeit4x@4shared.com,343-337-3161,Thailand,Fixed,44320
Rachele,Bissett,Female,rbissett4y@youtube.com,443-712-9398,Albania,Saving,49702
Moishe,Pridham,Genderfluid,mpridham4z@japanpost.jp,444-175-1331,China,Fixed,26212
Bran,Robbey,Male,brobbey50@scribd.com,506-529-2603,China,Fixed,26884
Shawn,Ishaki,Male,sishaki51@virginia.edu,116-453-0569,China,Saving,92950
Killian,Braunfeld,Male,kbraunfeld52@bbb.org,951-174-3028,Brazil,Current,61901
Ranee,Aartsen,Female,raartsen53@accuweather.com,778-613-8378,Zambia,Fixed,39824
Trudi,Asple,Female,tasple54@gmpg.org,459-883-4118,Russia,Current,53342
Roderich,Hazeup,Male,rhazeup55@mail.ru,867-356-4923,Nigeria,Recurring,64370
Monroe,Veevers,Male,mveevers56@homestead.com,851-773-7320,Indonesia,Recurring,85679
Enriqueta,Costi,Female,ecosti57@timesonline.co.uk,616-217-3402,United States,Recurring,84032
Patrice,Stadden,Male,pstadden58@java.com,263-503-8911,Albania,Current,41270
Sorcha,Alcock,Female,salcock59@flavors.me,402-919-0798,Peru,Saving,52633
Templeton,Foulis,Male,tfoulis5a@newyorker.com,617-126-3288,China,Saving,71763
Frans,Sellner,Male,fsellner5b@chicagotribune.com,457-266-9247,Mongolia,Recurring,47973
Marsha,Tulloch,Genderqueer,mtulloch5c@twitpic.com,360-945-3849,Spain,Current,58812
Annabela,Cadore,Polygender,acadore5d@fda.gov,247-481-2853,Indonesia,Fixed,97183
Tyrus,Clampin,Polygender,tclampin5e@mapquest.com,368-673-5420,Vietnam,Fixed,64172
Rheta,Crownshaw,Female,rcrownshaw5f@live.com,161-755-7217,Poland,Saving,29953
Georgy,Nutkin,Male,gnutkin5g@zdnet.com,831-137-5214,China,Recurring,49220
Jakob,Attwoull,Male,jattwoull5h@walmart.com,131-454-3150,Tajikistan,Current,42930
Lilla,Sackes,Bigender,lsackes5i@alexa.com,547-789-2293,Portugal,Fixed,49914
Charmine,Tremmil,Female,ctremmil5j@cbsnews.com,357-848-5216,Philippines,Recurring,36627
Maribelle,Ledington,Female,mledington5k@wordpress.com,406-787-2333,Tunisia,Recurring,78974
Tyrus,Alvaro,Male,talvaro5l@uiuc.edu,541-383-8391,Greece,Current,73919
Kariotta,Gothliff,Female,kgothliff5m@nih.gov,697-515-5872,Argentina,Current,39166
Dre,Willey,Female,dwilley5n@ocn.ne.jp,534-493-3593,Russia,Fixed,44776
Steffane,Silburn,Female,ssilburn5o@ucla.edu,539-886-9020,Poland,Saving,33065
Olga,Klimowicz,Female,oklimowicz5p@eventbrite.com,187-678-2929,Ireland,Fixed,53866
Edward,Heater,Male,eheater5q@lulu.com,480-172-3779,China,Saving,70945
Felisha,Garn,Female,fgarn5r@posterous.com,114-800-4183,Sweden,Recurring,90094
Maryrose,Dicky,Female,mdicky5s@shutterfly.com,723-201-6587,Poland,Fixed,65126
Connie,Wayon,Female,cwayon5t@berkeley.edu,209-966-8745,Bosnia and Herzegovina,Saving,45622
Olga,Fynes,Female,ofynes5u@indiatimes.com,500-934-4159,Indonesia,Current,49564
Waylin,Rainford,Male,wrainford5v@harvard.edu,104-662-1015,Cameroon,Fixed,55516
Aksel,Glanfield,Agender,aglanfield5w@zimbio.com,216-886-7151,Germany,Recurring,85711
Maryanne,Rothschild,Female,mrothschild5x@arstechnica.com,896-204-6368,Uganda,Recurring,97713
Ivor,Miall,Male,imiall5y@auda.org.au,115-804-2082,Mozambique,Saving,35100
Veronique,Perrycost,Female,vperrycost5z@flickr.com,753-511-5132,China,Saving,28707
Nathanial,Capstake,Male,ncapstake60@timesonline.co.uk,669-660-3009,Nigeria,Current,75757
Obadiah,Halley,Male,ohalley61@smugmug.com,999-374-9848,Indonesia,Fixed,43962
Wald,Golling,Male,wgolling62@uiuc.edu,363-663-1366,Greece,Fixed,29793
Gannon,Shaddock,Non-binary,gshaddock63@myspace.com,792-725-9777,Moldova,Saving,25543
Luciano,Eltringham,Male,leltringham64@icq.com,575-639-5637,Poland,Saving,70351
Gustavo,Skpsey,Male,gskpsey65@hao123.com,463-937-3761,Mongolia,Fixed,73538
Beverlee,Sandaver,Female,bsandaver66@clickbank.net,309-941-9020,Sweden,Fixed,32458
Jan,Gisburn,Male,jgisburn67@google.com.au,970-749-2429,France,Current,71150
Kettie,Lewisham,Female,klewisham68@bbb.org,191-587-7069,Iran,Current,26686
Ive,Deller,Male,ideller69@fotki.com,605-797-4121,Pakistan,Current,57223
Svend,Hackwell,Male,shackwell6a@chron.com,481-772-3310,Vietnam,Saving,54576
Rockwell,Toft,Male,rtoft6b@redcross.org,525-316-2022,Portugal,Saving,59602
Klaus,Lowson,Male,klowson6c@nature.com,947-872-4371,China,Recurring,53829
Lily,Josifovitz,Non-binary,ljosifovitz6d@skyrock.com,781-113-5073,Poland,Recurring,89132
Bron,Schneider,Male,bschneider6e@geocities.com,761-921-5730,China,Saving,72225
Chen,Tabor,Male,ctabor6f@engadget.com,891-435-7131,China,Current,33569
Lucilia,Agate,Female,lagate6g@sun.com,994-118-8357,China,Recurring,91603
Berte,Tibbs,Female,btibbs6h@weather.com,356-955-0302,China,Saving,46740
Luella,Backshaw,Female,lbackshaw6i@bigcartel.com,989-874-0324,Russia,Saving,66644
Wynn,Littleover,Polygender,wlittleover6j@ihg.com,780-650-4576,Thailand,Fixed,32365
Elianore,Tremmel,Female,etremmel6k@skype.com,561-573-2620,France,Current,45115
Osbert,Veregan,Male,overegan6l@howstuffworks.com,293-823-6717,Mongolia,Current,55286
Sheena,Fruchter,Non-binary,sfruchter6m@cbslocal.com,562-927-4523,Philippines,Recurring,93282
Byron,Butchard,Male,bbutchard6n@reference.com,495-553-6236,Vietnam,Fixed,25648
Michel,Peers,Male,mpeers6o@hostgator.com,778-255-2303,Yemen,Saving,89383
Darb,Lippi,Male,dlippi6p@devhub.com,337-473-1727,China,Saving,36403
Joelly,Fleckness,Female,jfleckness6q@artisteer.com,702-727-4959,Russia,Fixed,77167
Alfi,Kemster,Female,akemster6r@pen.io,792-716-0941,Thailand,Recurring,64910
Omar,McIlwraith,Male,omcilwraith6s@cyberchimps.com,931-240-8767,Indonesia,Fixed,41215
Mannie,Greenhaugh,Male,mgreenhaugh6t@mozilla.com,154-393-6323,China,Saving,92508
Hogan,O'Lahy,Male,holahy6u@cbslocal.com,183-666-6642,Philippines,Saving,36585
Con,Bascombe,Male,cbascombe6v@tinyurl.com,232-204-6166,Colombia,Current,70781
Claudetta,Hallowes,Non-binary,challowes6w@shareasale.com,165-942-7705,Japan,Saving,83965
Gordon,Greser,Male,ggreser6x@reference.com,268-483-4880,Philippines,Fixed,26699
Cly,Durnan,Male,cdurnan6y@imgur.com,214-743-7019,United States,Fixed,51661
Bertram,Albrooke,Male,balbrooke6z@printfriendly.com,240-660-9166,United States,Recurring,84396
Florian,Tuckie,Male,ftuckie70@marketwatch.com,692-621-2826,Finland,Current,31552
Adolpho,Purveys,Male,apurveys71@hexun.com,137-904-9837,Japan,Saving,91956
Gav,Pippin,Male,gpippin72@surveymonkey.com,575-793-2194,Serbia,Current,77116
Catherina,Malicki,Female,cmalicki73@google.pl,734-456-4150,Indonesia,Current,53922
Rance,Traill,Male,rtraill74@unicef.org,563-521-7455,Brazil,Current,82912
Lolita,Abbs,Female,labbs75@rediff.com,484-864-7383,Portugal,Current,48956
Winfield,Brugger,Male,wbrugger76@fotki.com,635-690-8188,Georgia,Current,70988
Elly,Trazzi,Female,etrazzi77@huffingtonpost.com,484-244-8600,Canada,Recurring,27135
Crysta,Kobierski,Female,ckobierski78@omniture.com,523-613-7176,Guatemala,Fixed,45936
Pietra,Ridett,Female,pridett79@theguardian.com,973-757-6955,Canada,Fixed,80726
Richy,Ganter,Male,rganter7a@chronoengine.com,429-927-4857,Sweden,Current,54947
Caryl,Bardnam,Male,cbardnam7b@devhub.com,200-923-6305,Sweden,Fixed,92299
Marget,Onn,Female,monn7c@baidu.com,695-251-8854,China,Recurring,31362
Kameko,Bulluck,Female,kbulluck7d@photobucket.com,904-545-0936,Afghanistan,Fixed,99157
Karyn,Ather,Female,kather7e@nature.com,110-169-8585,Jordan,Current,47691
Hillie,Jessup,Male,hjessup7f@technorati.com,220-891-2026,Japan,Recurring,39925
Kacy,Tomsett,Female,ktomsett7g@amazon.com,885-301-8615,Brazil,Recurring,63947
Ardra,Huie,Female,ahuie7h@list-manage.com,858-412-3456,Bhutan,Fixed,46499
Chan,Freyn,Male,cfreyn7i@tripod.com,308-345-5126,Honduras,Saving,56130
Sergei,Piris,Male,spiris7j@berkeley.edu,906-762-7422,China,Recurring,29773
Clayborn,Bentjens,Male,cbentjens7k@nhs.uk,432-276-4674,Uzbekistan,Saving,29313
Sonni,Gyves,Female,sgyves7l@java.com,561-522-0447,Cuba,Fixed,81238
Marybelle,Kloska,Female,mkloska7m@wsj.com,104-745-2578,South Africa,Current,49757
Rand,Petrillo,Male,rpetrillo7n@ucla.edu,559-670-0276,Mozambique,Current,66116
Irma,Klesse,Female,iklesse7o@a8.net,531-742-6506,Colombia,Fixed,96168
Abram,McGlew,Male,amcglew7p@businessweek.com,136-681-8355,China,Saving,57891
Aldric,Bromont,Male,abromont7q@blogger.com,270-642-1006,Philippines,Saving,52302
Betty,Craighall,Female,bcraighall7r@walmart.com,250-326-7527,Portugal,Current,47335
Ruggiero,Twidell,Male,rtwidell7s@weibo.com,707-213-8127,Ivory Coast,Current,89734
Kalila,Metzke,Female,kmetzke7t@list-manage.com,988-184-9540,Tanzania,Fixed,81988
Torrence,Guillard,Male,tguillard7u@acquirethisname.com,865-411-1598,United States,Fixed,28589
Mirabelle,Bonder,Female,mbonder7v@wix.com,550-281-0512,China,Saving,86513
Edgardo,Guillou,Male,eguillou7w@blinklist.com,916-339-4665,Laos,Saving,98078
Flinn,Connerly,Male,fconnerly7x@unicef.org,273-946-2623,Brazil,Fixed,45095
Faber,Salmond,Male,fsalmond7y@huffingtonpost.com,482-102-6827,Burundi,Recurring,60487
Mercy,Fairburne,Female,mfairburne7z@theguardian.com,155-580-3491,China,Current,41895
Ana,Ruthven,Female,aruthven80@google.es,383-582-0300,South Africa,Recurring,83954
Maitilde,Heustice,Female,mheustice81@hatena.ne.jp,515-444-1747,Thailand,Recurring,62829
Corine,Bolletti,Female,cbolletti82@jigsy.com,829-523-9417,Indonesia,Recurring,33296
Torry,Seagar,Male,tseagar83@hao123.com,947-960-1537,China,Current,48593
Xymenes,Mamwell,Male,xmamwell84@intel.com,239-416-0282,Sweden,Fixed,73332
Zeb,Tewes,Male,ztewes85@parallels.com,543-246-0684,China,Recurring,37153
Libbi,Kyttor,Female,lkyttor86@tripod.com,812-871-3590,Brazil,Current,97583
Zaneta,Yorke,Bigender,zyorke87@stumbleupon.com,862-820-7674,China,Current,50616
Meredith,Staines,Female,mstaines88@washingtonpost.com,180-399-6530,Poland,Saving,49600
Syd,Saddler,Non-binary,ssaddler89@reddit.com,446-533-7492,Greece,Current,42561
Kinny,Reckhouse,Male,kreckhouse8a@thetimes.co.uk,704-669-2945,Mongolia,Fixed,38640
Marget,Wilmot,Female,mwilmot8b@telegraph.co.uk,887-337-6732,China,Fixed,36462
Francklin,Barenskie,Male,fbarenskie8c@fastcompany.com,602-555-8524,Russia,Current,93985
Grata,Bansal,Female,gbansal8d@ehow.com,128-564-6279,Aland Islands,Fixed,55840
Brooks,Headington,Male,bheadington8e@theatlantic.com,738-885-5371,Indonesia,Current,67922
Sascha,Cornfoot,Female,scornfoot8f@wp.com,427-351-0327,Brazil,Saving,92140
Leonora,Sibille,Female,lsibille8g@theatlantic.com,925-584-0848,Portugal,Recurring,31611
Carol-jean,Pedder,Female,cpedder8h@youku.com,116-532-9296,Sao Tome and Principe,Fixed,83687
Otes,Hammonds,Male,ohammonds8i@networkadvertising.org,318-309-4799,United States,Fixed,58287
Antonio,Leachman,Male,aleachman8j@auda.org.au,632-507-3533,Brazil,Current,64265
Padgett,Fanner,Male,pfanner8k@biglobe.ne.jp,425-477-1576,China,Current,65535
Rea,Saunder,Female,rsaunder8l@usa.gov,490-760-0450,Russia,Saving,36854
Courtnay,Reuter,Male,creuter8m@thetimes.co.uk,919-188-2511,China,Recurring,66384
Bertine,Ridewood,Female,bridewood8n@ameblo.jp,896-513-3684,Indonesia,Current,98719
Fredia,Pettiward,Female,fpettiward8o@senate.gov,805-550-6595,Russia,Recurring,46501
Ginger,Schelle,Male,gschelle8p@stumbleupon.com,637-887-9454,Russia,Current,93041
Briana,Bebbell,Female,bbebbell8q@squarespace.com,852-913-0273,Brazil,Recurring,77991
Emily,Leonarde,Female,eleonarde8r@globo.com,888-563-3997,Indonesia,Recurring,57134
Hephzibah,Littrell,Female,hlittrell8s@yandex.ru,906-529-9811,Colombia,Recurring,94615
Shirlee,Tansley,Female,stansley8t@1und1.de,483-324-3344,Indonesia,Saving,89898
Krissy,Bockmann,Female,kbockmann8u@bravesites.com,301-322-2753,Kazakhstan,Recurring,75714
Ree,Trattles,Female,rtrattles8v@biglobe.ne.jp,317-819-2297,Indonesia,Fixed,67836
Sibylla,McRavey,Female,smcravey8w@hibu.com,370-479-7678,Hungary,Fixed,71474
Tandie,Greneham,Female,tgreneham8x@cyberchimps.com,624-198-1226,Philippines,Current,67959
Elmira,Penhale,Female,epenhale8y@bing.com,843-894-8195,Zambia,Fixed,59106
Ruthi,Norssister,Female,rnorssister8z@ucsd.edu,343-610-1147,Indonesia,Current,37273
Franklin,McDiarmid,Male,fmcdiarmid90@fotki.com,734-164-9135,Belgium,Saving,32653
Chiquia,Waith,Genderqueer,cwaith91@hud.gov,295-381-9446,Argentina,Fixed,80982
Griffin,Cornford,Polygender,gcornford92@opera.com,602-130-4416,Indonesia,Current,26890
Pietrek,Dedham,Male,pdedham93@reverbnation.com,544-243-5960,Indonesia,Current,30555
Ninon,Phittiplace,Female,nphittiplace94@facebook.com,661-490-2085,China,Recurring,63260
Kiah,Meedendorpe,Female,kmeedendorpe95@multiply.com,456-275-1773,Austria,Current,56255
Caryl,Hryncewicz,Female,chryncewicz96@mit.edu,801-713-2994,Ukraine,Fixed,88041
Alena,Malthus,Female,amalthus97@samsung.com,544-606-2666,China,Saving,56738
Rebecka,Balding,Female,rbalding98@ibm.com,510-494-7329,China,Current,92619
Sibylla,Buckoke,Female,sbuckoke99@stanford.edu,216-838-8128,Czech Republic,Saving,99149
Lilah,Rentz,Female,lrentz9a@123-reg.co.uk,864-606-9350,China,Saving,44350
Georgetta,Iacomini,Female,giacomini9b@spotify.com,245-932-9165,Indonesia,Recurring,41515
Joy,Bellany,Female,jbellany9c@nih.gov,396-344-2213,Portugal,Recurring,93220
Mozes,Edlyne,Male,medlyne9d@eepurl.com,180-854-7508,China,Fixed,89609
Wildon,Plewes,Male,wplewes9e@naver.com,265-630-4578,Portugal,Recurring,46556
Wrennie,Bateman,Female,wbateman9f@tripadvisor.com,844-971-8890,Brazil,Current,27205
Bennie,Godfrey,Female,bgodfrey9g@yahoo.com,416-597-2857,Sweden,Saving,53517
Waverly,Grosvener,Male,wgrosvener9h@exblog.jp,285-753-6523,China,Fixed,28533
Meggi,Stoffel,Female,mstoffel9i@creativecommons.org,212-965-0195,Philippines,Saving,80482
Web,Nials,Male,wnials9j@seesaa.net,417-665-7238,Nepal,Saving,35951
Karol,Ellerby,Genderqueer,kellerby9k@salon.com,181-262-5719,Sweden,Fixed,49392
Pauly,Mityushkin,Agender,pmityushkin9l@meetup.com,251-865-7968,France,Current,68692
Joann,Aspel,Female,jaspel9m@imageshack.us,797-327-1242,Venezuela,Recurring,94972
Alisa,Gaither,Female,agaither9n@seesaa.net,821-958-8665,Argentina,Fixed,97589
Celestyn,Strover,Non-binary,cstrover9o@prnewswire.com,963-376-5442,Senegal,Fixed,96032
Murdock,Aiston,Male,maiston9p@sbwire.com,747-867-5659,Indonesia,Current,71405
Ulla,Rocks,Polygender,urocks9q@yale.edu,235-514-6933,Armenia,Saving,26631
Rafaello,Rouchy,Bigender,rrouchy9r@hhs.gov,325-868-4484,United States,Recurring,49360
Tonye,Corley,Genderqueer,tcorley9s@europa.eu,819-558-3263,Afghanistan,Current,50074
Cathlene,Caw,Female,ccaw9t@google.com,778-397-3520,Czech Republic,Saving,54596
Corrie,enzley,Male,cenzley9u@shareasale.com,310-607-4261,Philippines,Recurring,84273
Napoleon,Lugton,Genderfluid,nlugton9v@163.com,579-792-7004,South Sudan,Recurring,89361
Essy,Reisk,Female,ereisk9w@dot.gov,936-117-6982,Ukraine,Current,58238
Rey,Flood,Male,rflood9x@ocn.ne.jp,476-902-3534,Philippines,Recurring,44245
Demetria,Sedgwick,Female,dsedgwick9y@hao123.com,158-513-7040,China,Fixed,77136
Rheta,Salvage,Female,rsalvage9z@uiuc.edu,338-180-5071,South Korea,Saving,75555
Emmett,Challice,Male,echallicea0@storify.com,315-169-7168,Greece,Current,33580
Dix,Calderhead,Female,dcalderheada1@acquirethisname.com,140-336-6471,Australia,Current,86029
Vania,Craythorn,Female,vcraythorna2@vistaprint.com,151-650-6741,Thailand,Fixed,52466
Myra,Pirouet,Female,mpiroueta3@chicagotribune.com,517-317-8464,Philippines,Current,53212
Anatol,Kinze,Male,akinzea4@virginia.edu,824-103-7095,Brazil,Recurring,73683
Isidore,Bezants,Male,ibezantsa5@mapy.cz,329-528-5346,Thailand,Fixed,91876
Saree,Bolletti,Female,sbollettia6@i2i.jp,904-400-5419,Canada,Current,83612
Salim,Lelievre,Male,slelievrea7@phoca.cz,986-365-8030,Russia,Recurring,97025
Culley,Malyon,Male,cmalyona8@github.com,526-514-5137,Norway,Fixed,59558
Baxie,Licciardi,Male,blicciardia9@arizona.edu,397-674-1596,Nigeria,Fixed,85177
Sig,Longworthy,Male,slongworthyaa@tamu.edu,858-175-1002,France,Recurring,83122
Any,Comford,Male,acomfordab@reuters.com,912-297-0025,Brazil,Recurring,32945
Devonna,Benedek,Female,dbenedekac@msn.com,985-384-8964,Ukraine,Current,33291
Burton,Whorton,Agender,bwhortonad@ovh.net,762-161-2420,Ukraine,Fixed,58760
Sig,Wilshin,Male,swilshinae@networksolutions.com,150-608-1353,Tanzania,Current,46021
Rhoda,Dawkins,Female,rdawkinsaf@amazon.co.uk,911-355-6577,Slovenia,Fixed,54150
Alene,Fisher,Female,afisherag@hhs.gov,912-844-1133,China,Recurring,59846
Elie,Missen,Female,emissenah@nhs.uk,501-541-8158,Finland,Fixed,81672
Emmi,Widocks,Female,ewidocksai@ft.com,496-126-4866,Poland,Recurring,42805
Jana,Jessett,Female,jjessettaj@amazon.co.uk,651-939-3093,Colombia,Current,78925
Wilbert,Rakes,Male,wrakesak@blinklist.com,682-931-6687,France,Recurring,89475
Genvieve,Bisco,Female,gbiscoal@ucoz.com,823-182-6498,China,Saving,81246
Jany,Meaney,Bigender,jmeaneyam@themeforest.net,450-512-5682,Philippines,Fixed,68491
Mair,Fernihough,Female,mfernihoughan@multiply.com,247-122-2857,Indonesia,Recurring,83734
Tove,Bonehill,Female,tbonehillao@hp.com,531-851-8112,Albania,Fixed,57277
Hyacinthia,Sturney,Female,hsturneyap@house.gov,668-661-0697,Senegal,Saving,99247
Rowland,Slad,Male,rsladaq@chicagotribune.com,146-101-4882,Ireland,Fixed,26142
Alonzo,Persent,Male,apersentar@hibu.com,961-818-1431,Russia,Current,57754
Linc,Godridge,Male,lgodridgeas@hc360.com,406-962-4087,United States,Saving,49458
Rabbi,Cammocke,Male,rcammockeat@imgur.com,773-564-1703,Thailand,Recurring,96799
Selene,Corness,Female,scornessau@w3.org,782-942-2179,China,Recurring,91190
Payton,Hedan,Agender,phedanav@dailymotion.com,722-798-5478,Kazakhstan,Recurring,86139
Giorgia,Baldry,Female,gbaldryaw@ucsd.edu,710-170-8786,Malaysia,Current,81786
Connie,Mattacks,Female,cmattacksax@google.ca,428-887-7459,Colombia,Fixed,57604
Quill,Davidovicz,Male,qdavidoviczay@businesswire.com,452-827-9504,China,Current,87237
Vi,Galbraeth,Female,vgalbraethaz@ustream.tv,386-498-4742,Poland,Current,79230
Clementia,Barwick,Genderqueer,cbarwickb0@issuu.com,641-360-4646,Argentina,Recurring,73118
Adore,Gartell,Female,agartellb1@boston.com,266-789-0641,Indonesia,Current,44714
Milicent,Cullerne,Female,mcullerneb2@photobucket.com,703-297-8367,China,Saving,49500
Pippa,Cousin,Genderqueer,pcousinb3@miitbeian.gov.cn,783-807-4287,Pakistan,Recurring,45380
Marin,Pauer,Female,mpauerb4@plala.or.jp,436-231-5658,Tanzania,Fixed,40328
Gabi,Downse,Male,gdownseb5@patch.com,868-386-0089,Portugal,Current,40253
Chad,Freer,Male,cfreerb6@ed.gov,908-655-4059,Philippines,Current,37797
Kelsi,Smalecombe,Female,ksmalecombeb7@so-net.ne.jp,267-244-8745,Indonesia,Current,37512
Larissa,Rubes,Genderfluid,lrubesb8@harvard.edu,244-100-8994,China,Current,90506
Octavia,Oag,Female,ooagb9@seesaa.net,115-977-0042,Philippines,Fixed,35390
Efrem,Hawtrey,Male,ehawtreyba@java.com,157-983-6431,Indonesia,Recurring,48453
Rod,MacCombe,Male,rmaccombebb@spiegel.de,558-905-8163,Peru,Recurring,60548
Neilla,Snalum,Female,nsnalumbc@msu.edu,521-870-5496,Tajikistan,Saving,77700
Justis,Stanistreet,Male,jstanistreetbd@tripadvisor.com,982-226-8716,Brazil,Fixed,71680
Krishnah,Allibon,Male,kallibonbe@un.org,739-129-5719,Indonesia,Current,90106
Nata,Ruspine,Female,nruspinebf@miibeian.gov.cn,377-802-7642,Brazil,Fixed,34074
Antoinette,Pharro,Female,apharrobg@admin.ch,428-141-4223,Russia,Fixed,59547
Karilynn,Vousden,Female,kvousdenbh@wikia.com,786-570-7127,Cameroon,Saving,53335
Thaxter,Sisnett,Male,tsisnettbi@hp.com,775-840-7859,United States,Recurring,69161
Bibbie,Few,Female,bfewbj@comsenz.com,525-753-6127,Armenia,Fixed,39596
Hilly,Saich,Non-binary,hsaichbk@cocolog-nifty.com,497-681-3428,France,Saving,91102
Dulcia,McIlheran,Bigender,dmcilheranbl@netscape.com,472-980-8295,Burkina Faso,Saving,83774
Maje,Astles,Male,mastlesbm@nyu.edu,549-914-1929,China,Fixed,60565
Goddard,Cuttell,Male,gcuttellbn@engadget.com,223-216-5429,Sweden,Recurring,39051
Jackelyn,Vondruska,Genderfluid,jvondruskabo@furl.net,138-458-6249,Indonesia,Fixed,46417
Roxana,Aish,Female,raishbp@dmoz.org,209-548-8501,China,Current,96211
Rubetta,Aireton,Female,rairetonbq@blog.com,499-665-5526,China,Fixed,55842
Eugenio,Aymeric,Male,eaymericbr@sourceforge.net,412-133-3064,Brazil,Recurring,97069
Doralynn,Yushin,Female,dyushinbs@youku.com,544-783-5127,Poland,Current,60637
Ole,Caesman,Male,ocaesmanbt@ftc.gov,674-295-1248,Peru,Recurring,66328
Rina,Vawton,Female,rvawtonbu@bandcamp.com,182-942-4676,Indonesia,Recurring,51567
Eleanor,Askie,Female,easkiebv@chron.com,940-283-9063,Ukraine,Recurring,34116
Parsifal,Jellett,Agender,pjellettbw@smh.com.au,514-150-6499,China,Saving,53672
Marjory,Josifovic,Female,mjosifovicbx@illinois.edu,579-880-4831,China,Recurring,94544
Abigael,Hoodless,Female,ahoodlessby@spiegel.de,307-759-3629,Canada,Recurring,84257
Jourdan,Liddle,Female,jliddlebz@adobe.com,277-848-2881,Japan,Saving,74178
Cordy,Randalson,Male,crandalsonc0@bandcamp.com,953-224-8072,China,Saving,25399
Percival,Cello,Male,pcelloc1@oaic.gov.au,776-903-3217,Argentina,Current,35441
Clarissa,Stansbie,Female,cstansbiec2@nih.gov,107-486-8131,Thailand,Fixed,75004
Wallis,Gregoletti,Male,wgregolettic3@webs.com,665-481-3922,France,Recurring,62813
Winfield,Licence,Male,wlicencec4@ask.com,396-311-9634,Brazil,Fixed,83955
Lou,De Winton,Female,ldewintonc5@issuu.com,827-836-6391,China,Current,96115
Natale,Rodway,Male,nrodwayc6@statcounter.com,197-923-7297,Philippines,Recurring,76237
Kristina,Woodrow,Female,kwoodrowc7@ox.ac.uk,977-679-4675,China,Recurring,25062
Eberhard,Brough,Male,ebroughc8@creativecommons.org,985-752-6706,Indonesia,Fixed,94856
Jakob,Hanscomb,Male,jhanscombc9@bloglines.com,115-648-0123,Tanzania,Fixed,74898
Charlotta,Romanin,Female,cromaninca@oracle.com,586-702-3870,France,Current,60791
Jourdain,Soltan,Male,jsoltancb@reuters.com,847-498-3098,China,Current,54621
Job,Adrien,Male,jadriencc@seattletimes.com,891-882-0223,Sweden,Recurring,44876
Peder,Allenson,Male,pallensoncd@unicef.org,613-766-9887,Marshall Islands,Recurring,92501
Orella,Housego,Female,ohousegoce@salon.com,291-326-1469,Russia,Fixed,40684
Ethan,McKeeman,Male,emckeemancf@merriam-webster.com,932-691-8780,Poland,Recurring,64779
Domeniga,Mancell,Female,dmancellcg@accuweather.com,697-722-1275,Czech Republic,Current,29079
Padgett,Brudenell,Male,pbrudenellch@reddit.com,147-994-2763,Iceland,Fixed,49748
Dedra,Bickardike,Female,dbickardikeci@wikimedia.org,591-626-5988,Dominican Republic,Fixed,62793
Florinda,Denacamp,Female,fdenacampcj@hibu.com,913-664-5808,United States,Current,89277
Mal,Ousbie,Male,mousbieck@reverbnation.com,859-712-0612,Brazil,Saving,58054
Julina,Troughton,Female,jtroughtoncl@yandex.ru,936-532-3141,Zimbabwe,Current,46466
Donall,Campo,Male,dcampocm@netscape.com,634-443-7245,Lithuania,Current,31598
Sophronia,Mallinson,Female,smallinsoncn@netscape.com,206-823-4377,Italy,Recurring,54222
Dion,Craddock,Male,dcraddockco@npr.org,280-200-9092,China,Current,59151
Shirline,Bramley,Female,sbramleycp@mozilla.org,483-195-0292,Russia,Saving,99387
Nicol,Lockhart,Female,nlockhartcq@usgs.gov,363-729-8528,China,Fixed,53785
Ruthanne,Pleven,Female,rplevencr@tripod.com,746-727-5629,Philippines,Current,64212
Gilbertine,Linney,Female,glinneycs@pinterest.com,267-347-9941,China,Recurring,56353
Codi,Varley,Male,cvarleyct@independent.co.uk,792-830-4589,Thailand,Current,79150
Elinore,Bavage,Female,ebavagecu@pbs.org,314-185-7063,Czech Republic,Recurring,56689
Clo,Naismith,Female,cnaismithcv@jalbum.net,474-403-1185,Ukraine,Recurring,87014
Gherardo,Gatecliff,Male,ggatecliffcw@blogspot.com,690-838-2168,Poland,Fixed,65139
Dermot,Adamowitz,Male,dadamowitzcx@amazon.com,723-338-1914,Indonesia,Fixed,61260
Monroe,Stit,Male,mstitcy@cargocollective.com,375-609-7386,Nepal,Saving,37255
Kimbra,Figurski,Female,kfigurskicz@google.fr,171-514-0140,Indonesia,Recurring,79298
Niven,Annes,Male,nannesd0@sciencedaily.com,498-983-9653,Israel,Fixed,57354
Alfy,Gissing,Female,agissingd1@xrea.com,429-862-7332,Indonesia,Saving,94270
Llywellyn,Melia,Male,lmeliad2@nhs.uk,939-712-7725,Philippines,Saving,66824
Maure,Shankland,Female,mshanklandd3@acquirethisname.com,622-867-2558,Indonesia,Saving,81763
Rikki,Sainthill,Female,rsainthilld4@zdnet.com,625-545-2291,Indonesia,Saving,96340
Faustine,Mattingly,Female,fmattinglyd5@dmoz.org,878-533-5156,Serbia,Current,27185
Daisie,Hullot,Female,dhullotd6@photobucket.com,487-253-2828,Iceland,Fixed,50396
Adrien,O'Keefe,Male,aokeefed7@blogspot.com,577-121-2868,Thailand,Current,87757
Janna,MacNockater,Female,jmacnockaterd8@tiny.cc,262-207-6924,Indonesia,Fixed,40502
Rozele,Eouzan,Female,reouzand9@cocolog-nifty.com,647-216-3862,China,Fixed,67543
Jodi,Trowel,Female,jtrowelda@ucoz.com,573-427-7082,Indonesia,Current,36557
Barclay,Branca,Male,bbrancadb@bing.com,592-389-3331,Brazil,Recurring,64386
Horatio,McEvay,Male,hmcevaydc@telegraph.co.uk,504-443-4110,Venezuela,Recurring,51764
Rosanna,O'Gormally,Female,rogormallydd@google.com.br,550-761-3765,Brazil,Current,25952
Wenonah,Pree,Female,wpreede@economist.com,450-532-9334,Portugal,Current,34871
Grange,Gate,Male,ggatedf@vimeo.com,787-403-6496,Russia,Saving,40721
Pace,Ragot,Agender,pragotdg@unesco.org,737-461-2480,Canada,Current,27597
Merridie,Chessell,Female,mchesselldh@webmd.com,413-792-2510,Madagascar,Fixed,94621
Conchita,Espinho,Female,cespinhodi@phoca.cz,248-789-9370,Indonesia,Current,49198
Cassaundra,Spier,Female,cspierdj@ucsd.edu,433-638-5909,China,Current,26253
Dareen,Winn,Female,dwinndk@youtu.be,521-845-9630,Malaysia,Recurring,87794
Chic,Echalie,Male,cechaliedl@com.com,464-418-8850,Luxembourg,Recurring,28470
Pamelina,Talks,Female,ptalksdm@google.ca,742-409-3799,Indonesia,Current,41353
Vladimir,Bremen,Male,vbremendn@intel.com,581-102-8326,Cyprus,Saving,59321
Moore,Keemer,Male,mkeemerdo@squidoo.com,684-271-1436,Colombia,Fixed,85244
Isabelita,Hauger,Female,ihaugerdp@adobe.com,817-165-4973,China,Fixed,39869
Ellis,McTrustie,Male,emctrustiedq@weather.com,912-714-3598,China,Current,53370
Chrissie,Scawton,Male,cscawtondr@yellowpages.com,995-475-9250,Colombia,Current,84007
Beverley,Neesham,Female,bneeshamds@timesonline.co.uk,764-506-7280,Madagascar,Recurring,32879
Verge,Buxsey,Male,vbuxseydt@oakley.com,744-429-0065,Indonesia,Recurring,92299
Edd,Bartalin,Male,ebartalindu@nature.com,217-758-1301,Burkina Faso,Current,92890
Alessandra,Withey,Female,awitheydv@amazon.co.jp,952-718-3758,Uganda,Fixed,79169
Tally,Ruse,Male,trusedw@toplist.cz,970-304-3791,Armenia,Recurring,37163
Esme,Fliege,Female,efliegedx@unicef.org,267-254-8772,New Zealand,Recurring,84332
Vallie,Tassaker,Female,vtassakerdy@admin.ch,814-552-1543,Brazil,Fixed,74425
Anett,Hedger,Female,ahedgerdz@engadget.com,627-405-5538,China,Fixed,98122
Hestia,Casine,Female,hcasinee0@aboutads.info,568-513-7192,Costa Rica,Saving,62626
Gabie,Dungee,Female,gdungeee1@si.edu,581-212-8874,China,Fixed,35336
Brandon,Rawdall,Male,brawdalle2@auda.org.au,527-796-2748,China,Saving,51058
Lisle,Olliar,Male,lolliare3@disqus.com,573-613-4047,United States,Saving,56203
Hiram,Reen,Male,hreene4@japanpost.jp,370-498-4530,Russia,Recurring,74659
Brnaba,Chazerand,Male,bchazerande5@indiegogo.com,434-668-3764,Serbia,Current,93328
Diarmid,Gras,Male,dgrase6@jugem.jp,142-582-4011,France,Saving,53110
Marylou,Aneley,Female,maneleye7@nhs.uk,338-410-1750,Indonesia,Saving,48584
Beverlie,Achrameev,Female,bachrameeve8@boston.com,258-965-5323,Serbia,Recurring,40227
Hansiain,Danielsson,Male,hdanielssone9@ustream.tv,779-550-6462,Philippines,Current,65233
Emerson,Orrin,Male,eorrinea@wikispaces.com,403-601-7090,Brazil,Current,88242
Aura,Danilovitch,Female,adanilovitcheb@nbcnews.com,406-584-4030,Vietnam,Fixed,37898
Umeko,Hudleston,Female,uhudlestonec@oaic.gov.au,106-958-5236,China,Recurring,68150
Maggi,Chippendale,Female,mchippendaleed@illinois.edu,761-951-4799,Russia,Recurring,30392
Butch,Rubenfeld,Male,brubenfeldee@163.com,455-327-4853,Indonesia,Fixed,46559
Tobey,Desborough,Polygender,tdesboroughef@skype.com,985-312-8615,Canada,Saving,26379
Shaine,Svanini,Male,ssvaninieg@mapy.cz,669-543-0301,Philippines,Saving,92277
Samuel,Cescot,Male,scescoteh@t.co,558-639-1294,Russia,Current,31678
Jethro,Wildish,Male,jwildishei@purevolume.com,658-718-1277,Bosnia and Herzegovina,Current,82248
Brianne,Ellerman,Female,bellermanej@ameblo.jp,871-260-2344,Czech Republic,Saving,57236
Ragnar,Davidoff,Male,rdavidoffek@psu.edu,552-785-4318,China,Saving,91625
Judd,Frackiewicz,Male,jfrackiewiczel@toplist.cz,346-188-5436,Russia,Fixed,32016
Monte,Stuckley,Male,mstuckleyem@networkadvertising.org,492-231-1545,Nigeria,Current,97505
Sean,Roskrug,Female,sroskrugen@nhs.uk,153-450-6629,Vietnam,Saving,75704
Jacki,Loyns,Female,jloynseo@people.com.cn,923-562-5825,Russia,Fixed,70073
Van,Bau,Male,vbauep@si.edu,946-328-6164,Indonesia,Saving,42174
Salvidor,Schubuser,Male,sschubusereq@hibu.com,998-370-4834,Finland,Saving,95093
Aili,Curmi,Female,acurmier@eventbrite.com,835-513-9931,France,Recurring,77297
Mohandas,Collis,Male,mcollises@pbs.org,513-929-5651,United States,Fixed,64862
Dallas,Ateggart,Female,dateggartet@umn.edu,959-943-6642,Kyrgyzstan,Saving,91153
Conrad,Muscott,Male,cmuscotteu@cornell.edu,732-147-6235,North Korea,Recurring,52227
Amitie,Woodworth,Female,awoodworthev@hhs.gov,257-815-7988,Argentina,Saving,97039
Pandora,Guilloton,Genderfluid,pguillotonew@prlog.org,684-537-8714,Luxembourg,Saving,52894
Hardy,Prati,Male,hpratiex@utexas.edu,747-657-6210,China,Fixed,84677
Kirk,Koppes,Male,kkoppesey@miitbeian.gov.cn,124-201-1939,China,Current,41628
Ginny,Vankov,Female,gvankovez@si.edu,545-619-5951,China,Saving,28162
Roland,Rubinshtein,Male,rrubinshteinf0@de.vu,522-436-6687,Indonesia,Fixed,26877
Tabbatha,Sirrell,Female,tsirrellf1@unblog.fr,542-359-9264,Indonesia,Fixed,25445
Rory,Orton,Male,rortonf2@smugmug.com,308-916-7351,Brazil,Saving,54788
Veda,Kennington,Female,vkenningtonf3@ycombinator.com,480-823-9694,Peru,Saving,38634
Brantley,Doige,Male,bdoigef4@devhub.com,526-233-8245,Serbia,Saving,98897
Timmie,Cheasman,Female,tcheasmanf5@opera.com,989-252-4107,Malta,Current,27736
Yuri,Mandifield,Male,ymandifieldf6@github.io,368-395-6913,Poland,Current,25382
Bailie,Eastmond,Agender,beastmondf7@amazon.co.uk,550-274-7810,Greece,Recurring,34093
Maurie,Ciccetti,Male,mciccettif8@washington.edu,901-826-5444,United States,Fixed,82360
Felipa,Barker,Female,fbarkerf9@ask.com,257-163-0999,Spain,Current,72120
Marnia,Simonini,Female,msimoninifa@seesaa.net,584-916-4588,Latvia,Current,67030
Quinton,Lawrenceson,Male,qlawrencesonfb@networkadvertising.org,171-486-6649,Slovenia,Fixed,62848
Isak,Bywaters,Male,ibywatersfc@over-blog.com,741-213-7007,Indonesia,Current,35423
Happy,Tattershall,Female,htattershallfd@naver.com,100-394-3207,China,Fixed,79323
Therine,Housegoe,Female,thousegoefe@sogou.com,746-269-8350,Kazakhstan,Fixed,31586
Carlin,Smallsman,Male,csmallsmanff@tumblr.com,259-970-7267,Russia,Recurring,67089
Thacher,Uglow,Male,tuglowfg@jalbum.net,292-644-0870,Reunion,Saving,61119
Skylar,Reinisch,Male,sreinischfh@typepad.com,745-153-7625,Indonesia,Fixed,35283
Chandal,Guilbert,Female,cguilbertfi@naver.com,735-791-4646,China,Current,85014
Chase,Oakland,Male,coaklandfj@narod.ru,661-729-9215,China,Saving,31016
Dagny,Cardon,Male,dcardonfk@ed.gov,692-308-3269,Japan,Fixed,47780
Gweneth,Labbez,Female,glabbezfl@list-manage.com,282-505-8235,Indonesia,Recurring,66188
Khalil,Keneforde,Male,kkenefordefm@yahoo.co.jp,626-301-8549,Russia,Recurring,74530
Hillier,Cella,Male,hcellafn@google.pl,637-975-1164,Mexico,Recurring,98889
Rubetta,McKeowon,Female,rmckeowonfo@jigsy.com,829-182-0874,China,Saving,94368
Olivette,Fransseni,Female,ofranssenifp@ning.com,457-247-8387,China,Current,72449
Maitilde,Sacase,Female,msacasefq@buzzfeed.com,306-272-9466,France,Current,49644
Alexia,Darcy,Female,adarcyfr@nba.com,649-553-5476,Bulgaria,Recurring,74614
Alleen,Aldridge,Female,aaldridgefs@nih.gov,509-344-6314,China,Recurring,91445
Aeriela,Randles,Female,arandlesft@about.com,233-711-4341,Japan,Fixed,25110
Norton,Geard,Male,ngeardfu@nationalgeographic.com,828-870-3353,China,Saving,29682
Keene,Boon,Male,kboonfv@theglobeandmail.com,848-602-0871,Slovakia,Recurring,26749
Zsazsa,Geggie,Female,zgeggiefw@cpanel.net,805-204-7227,France,Recurring,32819
Brooke,Matzke,Female,bmatzkefx@csmonitor.com,339-247-4417,Cameroon,Current,87184
Julie,Royste,Female,jroystefy@ihg.com,225-484-7291,Russia,Saving,49951
Corbie,Noke,Bigender,cnokefz@ebay.co.uk,745-259-4715,France,Recurring,88331
Nonah,Ryland,Female,nrylandg0@opensource.org,816-740-3311,China,Fixed,78891
Tasha,Saffin,Female,tsaffing1@smh.com.au,441-142-2506,Indonesia,Saving,63716
Brynna,Diben,Female,bdibeng2@economist.com,419-742-9981,Russia,Recurring,45048
Ernaline,Comolli,Female,ecomollig3@ft.com,313-798-0186,Philippines,Saving,41415
Ray,Pascall,Male,rpascallg4@storify.com,898-742-7439,Russia,Fixed,45352
Shandy,Le Barr,Female,slebarrg5@microsoft.com,447-992-6121,Armenia,Fixed,96370
Rosana,Spadaro,Female,rspadarog6@pen.io,755-292-4752,Serbia,Saving,75610
Dennis,Shawell,Male,dshawellg7@fc2.com,323-181-6864,China,Saving,92753
Devondra,Rosenthal,Female,drosenthalg8@hc360.com,771-446-5623,Indonesia,Saving,83700
Montague,Bleackley,Male,mbleackleyg9@bing.com,108-564-1117,China,Current,46658
Seth,Kliemchen,Male,skliemchenga@adobe.com,382-977-5006,Indonesia,Saving,47827
Aubry,Eim,Female,aeimgb@tripod.com,564-446-5120,Greece,Saving,46504
Leupold,Platt,Male,lplattgc@alexa.com,465-602-0259,China,Fixed,76910
Lombard,Streets,Male,lstreetsgd@ovh.net,601-286-0094,Portugal,Recurring,28448
Kati,Boulder,Female,kboulderge@theatlantic.com,576-283-0943,France,Recurring,93340
Maggee,Hunnaball,Agender,mhunnaballgf@dion.ne.jp,267-107-9844,Ukraine,Saving,86541
Jonis,Trowell,Female,jtrowellgg@a8.net,459-686-0039,Colombia,Saving,40703
Jehanna,Vint,Female,jvintgh@spiegel.de,405-407-8744,France,Saving,72539
Kaycee,Krook,Female,kkrookgi@miibeian.gov.cn,156-917-5206,Mauritius,Current,40915
Ulberto,Gwin,Male,ugwingj@bravesites.com,683-934-6514,Colombia,Recurring,73980
Trumaine,Franzotto,Genderfluid,tfranzottogk@homestead.com,125-879-0616,Sweden,Fixed,50299
Winnifred,Raspel,Female,wraspelgl@berkeley.edu,821-158-0450,Palestinian Territory,Current,93043
Ladonna,Agglio,Female,laggliogm@cafepress.com,199-976-0998,Ukraine,Fixed,72782
Jonie,Greally,Female,jgreallygn@creativecommons.org,726-318-9095,Albania,Current,35902
Pooh,Jori,Male,pjorigo@unesco.org,226-174-4517,Tunisia,Current,67553
Meier,Morgan,Male,mmorgangp@state.tx.us,962-846-5628,Indonesia,Saving,77537
Cherise,Roback,Female,crobackgq@clickbank.net,443-839-2523,Indonesia,Current,85242
Odille,Groarty,Female,ogroartygr@prweb.com,140-162-4041,China,Current,67062
Eolande,Tommis,Female,etommisgs@weibo.com,755-927-6832,Brazil,Current,76226
Wittie,Handrek,Genderqueer,whandrekgt@usatoday.com,950-429-6684,Peru,Recurring,55209
Justin,Whatham,Male,jwhathamgu@reuters.com,525-541-3867,China,Recurring,61840
Sibby,Sarjent,Female,ssarjentgv@gravatar.com,519-787-7196,China,Current,44624
Tiffany,Frondt,Female,tfrondtgw@hexun.com,989-138-9745,China,Current,73234
Foster,Ranklin,Male,franklingx@dailymail.co.uk,131-678-7379,Colombia,Recurring,52762
Lombard,Kebbell,Male,lkebbellgy@blogtalkradio.com,925-263-5740,Lebanon,Current,56733
Damaris,Saiger,Genderfluid,dsaigergz@meetup.com,376-282-8072,Indonesia,Recurring,77807
Rufe,Bilbery,Male,rbilberyh0@nymag.com,962-709-8888,Poland,Saving,80405
Cosme,Alan,Male,calanh1@opensource.org,537-904-9112,Portugal,Fixed,65268
Armstrong,Buckenhill,Genderqueer,abuckenhillh2@utexas.edu,264-606-1400,Poland,Saving,57610
Christi,Warsap,Female,cwarsaph3@netscape.com,722-648-3683,Indonesia,Recurring,39465
Margi,Walsh,Female,mwalshh4@unc.edu,607-527-8870,China,Recurring,74174
Georgianne,Halladay,Female,ghalladayh5@shareasale.com,822-923-9988,Czech Republic,Saving,37344
Averell,Sutherington,Male,asutheringtonh6@intel.com,855-163-0073,Indonesia,Saving,39894
Carlene,Ruddy,Female,cruddyh7@jugem.jp,798-553-0339,Norway,Recurring,29361
Yuri,Lodevick,Male,ylodevickh8@spiegel.de,314-111-9106,Turkmenistan,Current,94257
Inez,Mandres,Female,imandresh9@jalbum.net,817-892-6982,China,Recurring,61046
Prentice,Streeter,Male,pstreeterha@cisco.com,974-997-1346,Portugal,Saving,48959
Truman,Danielli,Male,tdaniellihb@stanford.edu,923-879-1522,France,Recurring,75798
Wylma,Farman,Female,wfarmanhc@independent.co.uk,820-786-7209,Japan,Current,66716
Brandea,Lacoste,Female,blacostehd@nsw.gov.au,486-316-1576,Austria,Current,48943
Tanya,Broadbere,Female,tbroadberehe@rakuten.co.jp,325-229-9048,Ivory Coast,Current,75455
Stavro,Donaldson,Male,sdonaldsonhf@cargocollective.com,903-981-6240,Palestinian Territory,Recurring,46203
Peirce,Frankum,Male,pfrankumhg@mlb.com,582-646-1409,Greece,Fixed,61488
Bambi,Keeley,Female,bkeeleyhh@naver.com,384-717-0806,France,Fixed,41982
Margaretha,Dunlop,Female,mdunlophi@toplist.cz,760-910-9131,China,Recurring,88605
Corby,Wince,Male,cwincehj@jiathis.com,978-161-7132,China,Fixed,75097
Elia,Newdick,Male,enewdickhk@dmoz.org,708-988-1811,Indonesia,Fixed,66102
Waite,McFadden,Male,wmcfaddenhl@mysql.com,948-360-2731,Philippines,Current,59290
Salvador,Orum,Male,sorumhm@hibu.com,656-810-2925,China,Fixed,38743
Ira,Lewsley,Female,ilewsleyhn@furl.net,510-841-2632,Ukraine,Current,63599
Aleda,Rive,Female,ariveho@noaa.gov,401-560-3625,Indonesia,Saving,94297
Chrissy,Molesworth,Male,cmolesworthhp@storify.com,400-278-4353,Indonesia,Current,30210
Tasia,Eckery,Female,teckeryhq@vistaprint.com,864-704-9054,Portugal,Fixed,88458
Windy,Jouaneton,Female,wjouanetonhr@webeden.co.uk,511-889-3525,China,Saving,64688
Sadella,Buntain,Female,sbuntainhs@twitpic.com,361-221-2481,China,Current,92742
Lombard,Jelphs,Genderqueer,ljelphsht@amazon.de,147-623-4460,Indonesia,Current,64944
Mohandis,Westover,Male,mwestoverhu@adobe.com,492-142-8917,Russia,Recurring,81633
Winny,Meenehan,Male,wmeenehanhv@weather.com,502-930-2686,Ukraine,Fixed,79099
Yasmeen,Bartel,Non-binary,ybartelhw@dell.com,549-110-4425,Portugal,Saving,53976
Loraine,Katte,Female,lkattehx@tinyurl.com,870-302-7808,China,Current,86057
Alvin,Farries,Male,afarrieshy@japanpost.jp,237-314-5811,Russia,Fixed,88425
Silvia,Mazzilli,Female,smazzillihz@reuters.com,291-200-6403,Russia,Current,28418
Arabelle,Dury,Female,aduryi0@ehow.com,756-759-9449,Thailand,Recurring,94201
Babara,Headly,Female,bheadlyi1@techcrunch.com,665-553-0965,Macedonia,Current,41689
Ashli,Keaveney,Female,akeaveneyi2@php.net,456-527-2114,Finland,Saving,87364
Lenci,Murdy,Male,lmurdyi3@hc360.com,941-723-5498,Brazil,Current,40319
Felizio,Klyn,Male,fklyni4@wikispaces.com,178-389-1545,China,Recurring,79655
Priscella,Twede,Non-binary,ptwedei5@hexun.com,881-153-3666,China,Saving,44349
Peggy,Bosnell,Female,pbosnelli6@cbc.ca,181-804-1326,Brazil,Fixed,72902
Lorianne,McNirlan,Agender,lmcnirlani7@accuweather.com,306-195-3839,Macedonia,Recurring,73823
Louis,Burnyeat,Male,lburnyeati8@wufoo.com,243-157-1006,Czech Republic,Saving,63409
Hort,Banke,Male,hbankei9@shutterfly.com,252-247-6730,Philippines,Recurring,95038
Todd,Frankling,Male,tfranklingia@yahoo.com,913-800-6525,China,Recurring,61527
Artair,Pallis,Male,apallisib@tripadvisor.com,803-449-3542,China,Saving,63098
Rochelle,Creeboe,Genderfluid,rcreeboeic@paypal.com,432-697-6300,United States,Current,44226
Philbert,Pickering,Male,ppickeringid@tripadvisor.com,115-745-2106,Mexico,Fixed,34803
Corey,Severy,Female,cseveryie@yellowbook.com,965-421-4376,China,Saving,61494
Carmita,Enos,Female,cenosif@tinypic.com,805-466-0763,China,Recurring,26762
Hale,Winskill,Male,hwinskillig@archive.org,296-703-2647,Philippines,Fixed,88371
Sisely,Paris,Female,sparisih@blog.com,104-241-7948,China,Fixed,43028
Birgitta,Tournie,Female,btournieii@webnode.com,405-424-0132,Venezuela,Saving,48035
Harper,Baxstare,Male,hbaxstareij@spiegel.de,806-915-6806,Japan,Saving,32709
Deedee,Biggins,Female,dbigginsik@msn.com,192-453-6602,Indonesia,Recurring,55391
Wallas,Spurdens,Male,wspurdensil@reuters.com,875-487-3733,Poland,Current,47414
Myrlene,Cogley,Female,mcogleyim@ucoz.ru,770-220-7867,Bhutan,Current,46774
Carlyn,Geroldini,Female,cgeroldiniin@hibu.com,441-485-1908,Ukraine,Recurring,73376
Amargo,Cheatle,Female,acheatleio@printfriendly.com,646-545-7456,Costa Rica,Current,70540
Chandra,Hawney,Female,chawneyip@bbb.org,177-862-5218,Sweden,Saving,58421
Jens,Mannock,Male,jmannockiq@mit.edu,447-679-2676,Russia,Recurring,30217
Ennis,Staneland,Male,estanelandir@bloglovin.com,851-844-1062,Brazil,Fixed,82875
Shani,Astley,Female,sastleyis@jiathis.com,380-676-2462,Brazil,Current,54017
Trish,Pinfold,Female,tpinfoldit@wisc.edu,858-288-5331,Bosnia and Herzegovina,Fixed,36850
Susannah,Strangwood,Female,sstrangwoodiu@naver.com,953-788-4756,Ireland,Current,34386
Justino,McKeney,Male,jmckeneyiv@bbb.org,278-928-7869,Sweden,Recurring,45887
Milton,Egan,Male,meganiw@seesaa.net,560-424-8529,Brazil,Current,94405
Katrine,Troop,Female,ktroopix@ca.gov,636-453-4516,Cuba,Saving,63354
Marcella,Pankethman,Female,mpankethmaniy@jugem.jp,143-647-2369,China,Fixed,97311
Ferdie,Wipfler,Male,fwipfleriz@toplist.cz,232-979-4063,China,Recurring,34089
Ransom,Gianilli,Male,rgianillij0@washingtonpost.com,350-351-3169,China,Saving,92019
Emelen,Fanner,Male,efannerj1@sitemeter.com,916-307-0245,Russia,Recurring,77407
Christel,Franey,Female,cfraneyj2@unc.edu,781-123-1504,Japan,Saving,72850
Elaine,Collymore,Female,ecollymorej3@ca.gov,332-728-3297,Brazil,Saving,51369
Ella,Fitchett,Female,efitchettj4@github.io,962-725-5626,Brazil,Fixed,65278
Lyda,Bessey,Female,lbesseyj5@w3.org,143-926-1592,Thailand,Recurring,50438
Wat,Lippini,Male,wlippinij6@sphinn.com,724-998-1917,China,Recurring,48341
Selena,Merrington,Female,smerringtonj7@dot.gov,925-199-6226,Netherlands,Current,39050
Gaspar,Garton,Male,ggartonj8@blogspot.com,996-534-6393,Slovenia,Fixed,99457
Kandace,Shalloe,Female,kshalloej9@bbb.org,774-496-2145,Russia,Current,82480
Vanda,Peartree,Female,vpeartreeja@pagesperso-orange.fr,645-828-1434,Ukraine,Recurring,94395
Carmelle,Bawdon,Female,cbawdonjb@soup.io,834-331-6944,Indonesia,Fixed,80395
Raviv,Liverseege,Male,rliverseegejc@tamu.edu,949-272-9885,Czech Republic,Current,48404
Paton,Medlin,Male,pmedlinjd@goodreads.com,829-853-0295,Georgia,Current,81403
Janet,Tomasello,Female,jtomaselloje@indiegogo.com,485-525-1186,Brazil,Fixed,69493
Jaimie,Waggatt,Female,jwaggattjf@clickbank.net,222-403-8136,Argentina,Fixed,63566
Yevette,Skeats,Female,yskeatsjg@sakura.ne.jp,342-425-5826,Sweden,Saving,33557
Abbey,Huggard,Male,ahuggardjh@stanford.edu,755-576-2760,Indonesia,Recurring,75607
Bartlett,Mawman,Male,bmawmanji@blogtalkradio.com,251-106-7965,Canada,Current,70286
Amelita,Nyland,Female,anylandjj@ifeng.com,906-527-1741,Philippines,Saving,59892
Gal,Maciunas,Male,gmaciunasjk@mediafire.com,913-720-9612,China,Current,41973
Gil,Bazeley,Male,gbazeleyjl@auda.org.au,310-907-6428,Taiwan,Fixed,40088
Margette,Harly,Bigender,mharlyjm@typepad.com,396-125-3135,Nicaragua,Recurring,85736
Shandeigh,Strelitzer,Female,sstrelitzerjn@people.com.cn,529-467-0486,Indonesia,Saving,37004
Paco,Webburn,Male,pwebburnjo@sciencedaily.com,360-157-9788,Philippines,Recurring,30363
Farlee,Clemo,Male,fclemojp@businesswire.com,924-959-8405,China,Current,49828
Haroun,Millier,Male,hmillierjq@mail.ru,751-555-5031,Russia,Fixed,44291
Perice,Pentony,Male,ppentonyjr@google.co.jp,812-959-1855,China,Current,56955
Starr,Feild,Female,sfeildjs@omniture.com,883-483-9281,China,Fixed,69274
Fancy,Soall,Female,fsoalljt@tamu.edu,414-173-2880,Cameroon,Recurring,33796
Sapphire,Picker,Female,spickerju@ezinearticles.com,991-551-2007,China,Recurring,30451
Win,Wraight,Male,wwraightjv@intel.com,188-998-1888,Ukraine,Fixed,59025
Clerissa,McGilbon,Female,cmcgilbonjw@virginia.edu,409-324-7481,Liberia,Fixed,56200
Francesca,Jacobson,Female,fjacobsonjx@irs.gov,651-231-5497,Indonesia,Current,26798
Shaylah,Trammel,Female,strammeljy@chron.com,502-383-3657,United States,Current,62282
Linnea,Batalini,Female,lbatalinijz@mapquest.com,176-996-9185,Georgia,Recurring,27054
Vina,Enderby,Female,venderbyk0@foxnews.com,699-957-1220,China,Current,46564
Olivier,Doyland,Male,odoylandk1@homestead.com,737-819-0719,Poland,Fixed,54342
Adore,Spratt,Female,asprattk2@time.com,915-400-2965,United States,Saving,88337
Aurea,Wodeland,Female,awodelandk3@who.int,606-572-0196,Philippines,Fixed,84630
Derril,Pattlel,Male,dpattlelk4@craigslist.org,309-589-0819,Bolivia,Saving,67397
Suzy,Herreran,Female,sherrerank5@guardian.co.uk,626-135-4804,Brazil,Fixed,53797
Alisander,Laffling,Male,alafflingk6@techcrunch.com,140-394-6357,Canada,Current,26699
Matthias,Cissen,Male,mcissenk7@google.it,950-798-6485,Finland,Saving,40879
Skylar,Wibrew,Male,swibrewk8@examiner.com,227-274-2848,Vietnam,Fixed,58912
Jermaine,Birney,Female,jbirneyk9@tripadvisor.com,985-507-8905,United Kingdom,Current,96302
Aleece,Boskell,Female,aboskellka@mapquest.com,523-754-6651,Sri Lanka,Recurring,43137
Agneta,Billitteri,Polygender,abillitterikb@home.pl,230-560-6132,China,Fixed,95518
Deck,Anthon,Male,danthonkc@hao123.com,299-909-5831,Philippines,Recurring,76970
Sosanna,Ockland,Female,socklandkd@foxnews.com,747-479-4537,China,Saving,75045
Aida,Crutchley,Female,acrutchleyke@google.cn,253-933-6261,China,Fixed,73057
Cally,Blaszczyk,Female,cblaszczykkf@php.net,364-419-2747,China,Fixed,52325
Antonino,Caselick,Male,acaselickkg@europa.eu,560-338-4702,Portugal,Current,61220
Maryrose,MacTrustrie,Female,mmactrustriekh@imageshack.us,506-408-3731,Philippines,Saving,60159
Dalt,Neno,Male,dnenoki@nps.gov,484-631-5628,Brazil,Saving,73067
Duke,Mordecai,Male,dmordecaikj@devhub.com,826-215-0608,Argentina,Fixed,82271
Cheslie,Gunnell,Agender,cgunnellkk@sciencedaily.com,435-386-6434,Philippines,Fixed,71249
Leupold,Bouzek,Male,lbouzekkl@amazon.de,334-770-9204,Russia,Saving,88601
Dela,Rudram,Female,drudramkm@tinypic.com,301-239-7383,Ghana,Recurring,46268
Aggy,Cobley,Female,acobleykn@technorati.com,896-427-5316,Portugal,Recurring,53199
Stefano,Dowdell,Polygender,sdowdellko@about.com,345-107-5709,China,Recurring,67474
Bernardine,Tanton,Female,btantonkp@xrea.com,771-662-8307,China,Saving,67258
Thomasin,Burgott,Female,tburgottkq@facebook.com,511-479-0092,Canada,Recurring,73706
Russell,Baud,Male,rbaudkr@tripadvisor.com,200-155-4684,Sweden,Current,50012
Dame,Lippett,Male,dlippettks@harvard.edu,323-433-4615,Russia,Fixed,72060
Lorry,Eton,Male,letonkt@mac.com,611-429-1742,Honduras,Recurring,28555
Mariann,Barks,Female,mbarksku@icq.com,344-189-5193,China,Fixed,32937
Gordie,Montel,Male,gmontelkv@msu.edu,163-794-7809,China,Saving,62674
Dory,Percy,Female,dpercykw@bluehost.com,312-483-6291,Tunisia,Current,90700
Kore,Santry,Female,ksantrykx@dell.com,770-293-6321,Portugal,Current,44399
Aldus,Fortin,Male,afortinky@icio.us,887-356-9124,China,Recurring,92848
Bowie,Garrould,Male,bgarrouldkz@globo.com,160-961-4468,China,Saving,73181
Gunner,Shayes,Male,gshayesl0@acquirethisname.com,493-202-2840,Portugal,Fixed,26730
Juliet,De Zamudio,Genderqueer,jdezamudiol1@chron.com,460-655-4417,Uzbekistan,Fixed,31500
Elsi,Philpotts,Female,ephilpottsl2@comsenz.com,723-696-5947,Panama,Current,95777
Homerus,Zaple,Male,hzaplel3@utexas.edu,663-457-5695,Brazil,Current,60830
Crichton,Rigglesford,Male,crigglesfordl4@diigo.com,234-503-3315,Israel,Recurring,34747
Langsdon,Crocker,Male,lcrockerl5@infoseek.co.jp,946-251-9173,Luxembourg,Fixed,35767
Con,Duberry,Female,cduberryl6@cbc.ca,234-983-1855,Indonesia,Recurring,90552
Tymothy,Donn,Male,tdonnl7@kickstarter.com,585-899-9840,Argentina,Saving,83098
Farrand,Bleakley,Female,fbleakleyl8@telegraph.co.uk,423-540-3032,Guatemala,Saving,59800
Fidelia,Angove,Female,fangovel9@fda.gov,576-959-7086,China,Recurring,60401
Anders,Bowe,Male,abowela@ning.com,136-462-7725,France,Current,99655
Madelin,Guly,Female,mgulylb@trellian.com,204-278-9400,Portugal,Saving,88199
Merrilee,Hilling,Female,mhillinglc@pagesperso-orange.fr,972-888-3138,Indonesia,Current,55763
Phyllida,Frostdicke,Female,pfrostdickeld@ucoz.com,216-209-6437,Ukraine,Recurring,45680
Andie,Dinnage,Male,adinnagele@patch.com,414-168-5596,China,Fixed,59707
Ninette,Fayne,Female,nfaynelf@time.com,968-810-0070,Indonesia,Fixed,69754
Meir,Simants,Male,msimantslg@mediafire.com,235-571-8608,Philippines,Current,25025
Bennett,Penketh,Male,bpenkethlh@ihg.com,526-587-9724,China,Current,88252
Katrinka,Burry,Female,kburryli@soup.io,252-897-4509,China,Current,94950
Wallis,Paula,Male,wpaulalj@163.com,115-942-8573,France,Fixed,79962
Paola,Dalgarno,Female,pdalgarnolk@xrea.com,750-744-0533,Venezuela,Fixed,90215
Joby,Bagniuk,Female,jbagniukll@unc.edu,831-593-4853,United States,Current,71245
Francklyn,Huttley,Male,fhuttleylm@artisteer.com,570-232-1012,United States,Fixed,46643
Alecia,Simonnot,Female,asimonnotln@digg.com,487-962-2565,Macedonia,Current,94081
Michaeline,Caldera,Female,mcalderalo@51.la,353-929-6404,Croatia,Saving,56425
Sapphire,Chaffyn,Female,schaffynlp@ucoz.com,829-364-9470,China,Saving,51353
Zach,Bettesworth,Non-binary,zbettesworthlq@digg.com,652-226-9930,Portugal,Current,68314
Sibley,Gillard,Female,sgillardlr@clickbank.net,121-633-1851,Mali,Saving,30065
Reggis,Shale,Male,rshalels@ifeng.com,550-750-9028,Poland,Recurring,89894
Lisle,Ewell,Male,lewelllt@wix.com,615-160-6244,Sweden,Saving,32501
Kirstyn,Whitmell,Female,kwhitmelllu@amazonaws.com,825-234-4787,Canada,Saving,76894
Davis,Bennit,Male,dbennitlv@woothemes.com,824-547-6720,Albania,Recurring,73091
Grayce,Zoellner,Female,gzoellnerlw@pen.io,730-955-3950,Sweden,Recurring,44236
Dee dee,Burney,Female,dburneylx@howstuffworks.com,492-197-7345,Portugal,Fixed,98681
Bonny,Mackley,Female,bmackleyly@surveymonkey.com,985-159-2997,Japan,Fixed,77321
Harley,Verbeke,Female,hverbekelz@livejournal.com,733-468-3569,Malaysia,Saving,36259
Melisandra,Sapshed,Female,msapshedm0@ed.gov,901-737-4044,Dominican Republic,Saving,88906
Berti,Fragino,Female,bfraginom1@toplist.cz,959-649-1945,Malaysia,Saving,45715
Tynan,Winsbury,Male,twinsburym2@zimbio.com,162-807-3355,Jordan,Current,53588
Eda,Planks,Female,eplanksm3@ft.com,176-781-8637,China,Current,80274
Maryrose,Rounding,Female,mroundingm4@lulu.com,479-852-3934,Poland,Saving,60167
Paula,Renner,Female,prennerm5@scribd.com,563-255-7226,Belarus,Recurring,40040
Celia,Matchett,Female,cmatchettm6@usda.gov,402-498-3239,United States,Current,88450
Leslie,Ludovico,Female,lludovicom7@topsy.com,907-641-5565,Portugal,Fixed,27872
Florida,Rraundl,Agender,frraundlm8@123-reg.co.uk,829-680-6099,China,Fixed,72696
Mervin,Cossentine,Male,mcossentinem9@yahoo.com,559-246-2275,Mexico,Fixed,31832
Cyndy,Cogzell,Female,ccogzellma@multiply.com,428-538-6783,Sweden,Saving,50391
Rosalind,Biswell,Female,rbiswellmb@hhs.gov,442-514-1836,China,Saving,56854
Evin,Edgeworth,Male,eedgeworthmc@cmu.edu,684-687-1256,France,Saving,61416
Murdoch,Harmstone,Male,mharmstonemd@godaddy.com,405-477-8248,Greece,Fixed,75503
Rasla,Clement,Female,rclementme@newsvine.com,119-411-6681,Russia,Current,97056
Bartholomew,Bruyett,Male,bbruyettmf@wix.com,998-525-2117,Netherlands,Current,89744
Ramona,Tenney,Female,rtenneymg@ustream.tv,214-833-2553,China,Saving,43850
Guinna,Ulyat,Female,gulyatmh@surveymonkey.com,190-549-5448,French Polynesia,Fixed,92368
Mildrid,Dallan,Female,mdallanmi@mapy.cz,661-909-8280,Japan,Fixed,46254
Thomasa,Parkin,Agender,tparkinmj@paginegialle.it,567-497-2766,Botswana,Recurring,91480
Ernaline,Vegas,Female,evegasmk@baidu.com,518-776-6374,Japan,Saving,27232
Thaddeus,Sapsforde,Male,tsapsfordeml@va.gov,868-209-6457,Japan,Saving,86798
Graehme,Shalliker,Male,gshallikermm@sourceforge.net,482-618-6170,Poland,Fixed,62418
Vidovic,Dwight,Male,vdwightmn@360.cn,760-290-4930,France,Recurring,82652
Bastien,Burgoine,Male,bburgoinemo@odnoklassniki.ru,423-370-2668,China,Saving,85777
Giles,Carmont,Male,gcarmontmp@webeden.co.uk,950-190-6848,Philippines,Fixed,57799
Friedrich,Charte,Genderqueer,fchartemq@imageshack.us,373-511-2804,Philippines,Recurring,91633
Shelley,Blowen,Male,sblowenmr@dyndns.org,311-897-9300,Spain,Saving,43405
Lindsay,Sinton,Male,lsintonms@amazon.com,728-845-6456,Portugal,Current,76260
Sarene,Costanza,Genderqueer,scostanzamt@google.com.au,680-461-5209,Latvia,Current,57124
Adan,Kix,Male,akixmu@sohu.com,249-616-5522,Canada,Current,52457
Winny,Drowsfield,Male,wdrowsfieldmv@opera.com,482-715-0320,China,Fixed,47601
Myriam,Jewess,Female,mjewessmw@wordpress.com,318-808-8794,Brazil,Fixed,28489
Orson,Skinn,Male,oskinnmx@wikipedia.org,163-977-0728,Philippines,Saving,48769
Osbourn,Macci,Male,omaccimy@360.cn,172-406-2119,Japan,Saving,28613
Wendye,McErlaine,Genderqueer,wmcerlainemz@biblegateway.com,337-413-9721,China,Recurring,63716
Maurise,O'Towey,Female,motoweyn0@jimdo.com,704-508-3980,Tanzania,Saving,92580
Hester,Heindrick,Female,hheindrickn1@canalblog.com,889-119-0473,Argentina,Fixed,58947
Lela,Abrahamian,Female,labrahamiann2@xinhuanet.com,610-549-7777,Japan,Fixed,85595
Lanie,Allwright,Agender,lallwrightn3@businessinsider.com,399-993-5211,Moldova,Current,64915
Shem,Tomik,Male,stomikn4@liveinternet.ru,716-383-1405,Indonesia,Recurring,84589
Natasha,Marcroft,Female,nmarcroftn5@barnesandnoble.com,381-232-3958,Argentina,Recurring,89282
Lance,Renol,Male,lrenoln6@bloglovin.com,713-545-5228,China,Recurring,63007
Saba,Freegard,Female,sfreegardn7@homestead.com,549-755-4607,Croatia,Fixed,36744
Calida,Riepl,Female,criepln8@barnesandnoble.com,928-320-6933,Ghana,Recurring,87211
Delly,Ching,Female,dchingn9@desdev.cn,338-395-6681,Belarus,Current,40046
Mariel,Dominetti,Female,mdominettina@alibaba.com,914-761-7641,Afghanistan,Recurring,25277
Ingamar,MacAlpyne,Male,imacalpynenb@1und1.de,259-806-7675,Ireland,Fixed,93807
Antons,Coate,Male,acoatenc@utexas.edu,379-937-5344,Greece,Saving,77632
Darcey,Brattell,Female,dbrattellnd@census.gov,861-569-7078,China,Saving,82269
Berti,Kleimt,Female,bkleimtne@google.cn,319-167-0857,Kosovo,Recurring,77873
Coop,Gabites,Male,cgabitesnf@icio.us,103-492-5311,Japan,Recurring,93221
Caren,Plevey,Female,cpleveyng@biglobe.ne.jp,184-176-5061,Brazil,Saving,91952
Cecilla,Ianitti,Female,cianittinh@senate.gov,786-778-5648,Spain,Current,88031
Lauree,Le Gassick,Female,llegassickni@blogspot.com,779-528-0549,China,Current,35803
Drusi,Muckart,Non-binary,dmuckartnj@tinyurl.com,428-118-8579,Greenland,Current,58302
Trstram,Boshard,Male,tboshardnk@51.la,473-689-0770,Malta,Saving,26983
Tanney,Ornillos,Male,tornillosnl@vkontakte.ru,127-311-2934,China,Saving,34450
Jemmy,Shadfourth,Female,jshadfourthnm@census.gov,132-929-4356,Ethiopia,Fixed,42329
Starlin,Seide,Female,sseidenn@histats.com,431-356-6374,Indonesia,Saving,25341
Tawnya,Rosie,Female,trosieno@woothemes.com,276-927-8024,China,Recurring,54460
Oates,Lille,Male,olillenp@1688.com,843-396-9749,Vietnam,Fixed,98501
Ali,Goudge,Male,agoudgenq@weather.com,998-320-6349,Sweden,Saving,93521
Cinda,Kenright,Female,ckenrightnr@qq.com,356-402-0905,Brazil,Fixed,27120
Dodie,Lackemann,Female,dlackemannns@cbslocal.com,794-566-2490,Argentina,Current,81084
Durand,Bradnock,Male,dbradnocknt@japanpost.jp,635-977-7218,United Kingdom,Fixed,35384
Lianne,Scampion,Female,lscampionnu@oaic.gov.au,757-620-9267,United States,Fixed,42772
Antonin,Tovey,Male,atoveynv@alexa.com,347-910-7163,Mexico,Current,66800
Sherrie,Ivanisov,Female,sivanisovnw@ow.ly,259-330-4591,Honduras,Current,27654
Whitney,Lanigan,Non-binary,wlanigannx@uiuc.edu,554-795-2904,Brazil,Current,70447
Davide,Vallerine,Male,dvallerineny@ihg.com,217-721-5822,Brazil,Saving,34721
Morgana,Thrift,Female,mthriftnz@pcworld.com,715-327-8203,Indonesia,Saving,47330
Katerine,Scullion,Female,ksculliono0@ucsd.edu,538-442-9447,Indonesia,Saving,76614
Bryce,Deener,Male,bdeenero1@naver.com,147-764-1000,Poland,Current,42146
Maurise,Leason,Genderfluid,mleasono2@nba.com,539-434-2616,Ghana,Saving,60159
Lyndy,Ivanonko,Female,livanonkoo3@de.vu,236-414-6546,Russia,Saving,66668
Ruthann,Hullbrook,Female,rhullbrooko4@spiegel.de,451-737-3711,Ukraine,Fixed,70872
Joletta,Tytcomb,Female,jtytcombo5@ebay.com,873-855-5351,China,Recurring,45094
Hayden,Olyunin,Male,holyunino6@seesaa.net,913-449-4481,Malaysia,Saving,36425
Florence,Ferriday,Female,fferridayo7@vk.com,255-686-5783,Paraguay,Saving,71400
Kristopher,Frediani,Male,kfredianio8@ezinearticles.com,502-939-5311,France,Fixed,37871
Ruth,Hryniewicz,Female,rhryniewiczo9@macromedia.com,643-790-4106,Macedonia,Recurring,55318
Granger,Gridley,Male,ggridleyoa@walmart.com,873-902-4802,Ukraine,Current,70425
Catrina,Millwater,Female,cmillwaterob@goo.ne.jp,224-776-3347,Poland,Fixed,39420
Mala,Gomez,Female,mgomezoc@furl.net,796-492-2493,Indonesia,Saving,99819
Hetti,Klimontovich,Female,hklimontovichod@ycombinator.com,733-966-5330,Brazil,Recurring,72228
Randall,McBain,Male,rmcbainoe@blinklist.com,319-173-8938,Iraq,Saving,30702
Lorianna,Van Niekerk,Female,lvanniekerkof@feedburner.com,861-562-7079,Russia,Fixed,33617
Gerianna,Ahren,Female,gahrenog@toplist.cz,780-511-0444,Philippines,Current,67421
Ferguson,Burnhard,Male,fburnhardoh@census.gov,164-868-6009,China,Saving,65354
Seumas,De Bruijn,Male,sdebruijnoi@xrea.com,516-406-0144,Japan,Current,90093
Olivie,Corris,Agender,ocorrisoj@bizjournals.com,772-941-0693,United States,Current,77593
Allen,Igoe,Male,aigoeok@deviantart.com,695-944-8184,Portugal,Saving,45689
Cindelyn,Matzkaitis,Female,cmatzkaitisol@wordpress.com,255-112-5023,Uzbekistan,Fixed,69693
Saba,Withrop,Female,swithropom@fotki.com,475-428-4183,Mexico,Saving,53335
Noelle,Olerenshaw,Female,nolerenshawon@tmall.com,542-318-8149,Indonesia,Recurring,91127
Thain,Guiraud,Male,tguiraudoo@4shared.com,564-335-1299,Madagascar,Saving,31615
Sisile,Cordova,Female,scordovaop@ebay.co.uk,454-156-9484,Russia,Recurring,94135
Evonne,Aspinell,Female,easpinelloq@yelp.com,418-728-9910,China,Recurring,96110
Lynn,Wilber,Female,lwilberor@google.com.hk,409-534-0017,Philippines,Fixed,59949
Dorolisa,Kinsett,Female,dkinsettos@walmart.com,704-497-3888,Brazil,Saving,30573
Kelley,Merit,Male,kmeritot@tuttocitta.it,170-296-0467,Spain,Recurring,69087
Jocelyne,Lewisham,Genderqueer,jlewishamou@shutterfly.com,933-485-9290,Slovenia,Recurring,76849
Georg,Fitter,Male,gfitterov@amazon.com,340-794-6199,Croatia,Recurring,99299
Ralph,Chedgey,Male,rchedgeyow@thetimes.co.uk,152-260-6935,Russia,Current,39639
Jere,Pencost,Female,jpencostox@google.de,310-139-3743,Brazil,Saving,51143
Alyce,Eggerton,Genderfluid,aeggertonoy@blogger.com,104-223-0262,Czech Republic,Fixed,71216
Reed,Matantsev,Male,rmatantsevoz@dyndns.org,739-439-4132,Taiwan,Current,43938
Benoite,Steffans,Agender,bsteffansp0@narod.ru,892-724-1647,Myanmar,Current,40241
Hedi,Attiwill,Female,hattiwillp1@timesonline.co.uk,539-858-5144,Colombia,Fixed,45115
Sarita,Walesa,Female,swalesap2@abc.net.au,777-292-9075,Netherlands,Fixed,62379
Berne,Kasting,Male,bkastingp3@over-blog.com,973-455-8496,Indonesia,Fixed,35634
Scarlet,Bowller,Female,sbowllerp4@rediff.com,346-285-0679,Indonesia,Current,98524
Joni,Gomez,Female,jgomezp5@alexa.com,409-221-1777,Peru,Fixed,43798
Jeralee,Joicey,Female,jjoiceyp6@mail.ru,627-335-2101,Indonesia,Current,49948
Liuka,Stoaks,Female,lstoaksp7@state.tx.us,120-387-1522,Vietnam,Fixed,93664
Merrilee,Torrijos,Female,mtorrijosp8@jalbum.net,362-512-1353,Venezuela,Fixed,97019
Rena,Ferencz,Female,rferenczp9@mayoclinic.com,602-268-5466,China,Current,77385
Rowney,Croxall,Male,rcroxallpa@ucoz.ru,509-601-0378,Cuba,Recurring,56773
Jefferey,Peschka,Male,jpeschkapb@vk.com,884-295-3212,Indonesia,Saving,35105
Eyde,Bickerstasse,Female,ebickerstassepc@aboutads.info,996-655-6116,Indonesia,Saving,82854
Jehu,Vivash,Male,jvivashpd@typepad.com,975-776-6679,China,Saving,79144
Hilly,Semper,Male,hsemperpe@opera.com,449-811-3319,Czech Republic,Current,50172
Brock,Dearlove,Male,bdearlovepf@marketwatch.com,924-742-4737,China,Fixed,51610
Davin,Cavanaugh,Male,dcavanaughpg@discovery.com,789-275-1929,Cuba,Saving,86195
Cindy,Talbot,Female,ctalbotph@narod.ru,738-963-1921,Japan,Recurring,78739
Ellie,Skewes,Female,eskewespi@twitpic.com,742-876-3515,Brazil,Saving,73699
Lissi,Book,Female,lbookpj@studiopress.com,458-350-9149,Thailand,Recurring,79244
Joey,Stearn,Female,jstearnpk@msu.edu,844-577-4764,China,Saving,47672
Robbert,Pleven,Male,rplevenpl@stumbleupon.com,432-195-2359,China,Current,91856
Mickey,Astridge,Male,mastridgepm@berkeley.edu,471-916-6874,Indonesia,Saving,41173
Cam,Welbourn,Female,cwelbournpn@diigo.com,517-928-5655,South Africa,Recurring,63831
Gayleen,De Souza,Non-binary,gdesouzapo@bloglines.com,392-862-1148,Portugal,Saving,47158
Sibelle,Beautyman,Genderqueer,sbeautymanpp@nydailynews.com,361-996-2775,Taiwan,Fixed,56940
Ambrosio,Morit,Male,amoritpq@tamu.edu,315-816-1460,China,Recurring,61573
Elvis,Hollows,Male,ehollowspr@sina.com.cn,606-433-1999,Indonesia,Recurring,67501
Alicia,Stirling,Non-binary,astirlingps@techcrunch.com,518-657-2422,Brazil,Fixed,96355
Carlita,Meiningen,Female,cmeiningenpt@shareasale.com,975-720-4748,China,Recurring,91928
Jessamyn,Goodnow,Female,jgoodnowpu@domainmarket.com,206-526-5026,China,Fixed,72895
Romonda,Daudray,Female,rdaudraypv@about.me,697-595-7476,Macao,Saving,47158
Odille,Gault,Polygender,ogaultpw@google.es,364-121-1684,Russia,Current,68811
Laurella,Cleland,Female,lclelandpx@tinypic.com,425-846-3467,China,Saving,91943
Leda,Olivet,Female,lolivetpy@businesswire.com,210-559-3837,Indonesia,Saving,95878
Che,Papis,Male,cpapispz@yellowbook.com,831-331-5257,Czech Republic,Current,26344
Felicle,Few,Bigender,ffewq0@nbcnews.com,686-151-0310,China,Fixed,40835
Aron,Sedge,Male,asedgeq1@facebook.com,966-317-2678,China,Recurring,60357
Renata,O'Fallon,Female,rofallonq2@wp.com,234-893-9678,China,Saving,99643
Tressa,Battye,Female,tbattyeq3@mlb.com,134-694-2230,Argentina,Fixed,65859
Nathanil,Monteith,Male,nmonteithq4@vimeo.com,619-978-0214,Indonesia,Current,97028
Codee,Prestidge,Female,cprestidgeq5@feedburner.com,404-584-3033,Vietnam,Fixed,39913
Powell,Aspole,Bigender,paspoleq6@stanford.edu,929-175-6365,Nigeria,Current,48436
Evey,Shale,Polygender,eshaleq7@wufoo.com,276-956-1041,Iran,Fixed,66364
Cassie,Spaven,Female,cspavenq8@etsy.com,308-387-9512,China,Saving,47828
Mirella,Coots,Female,mcootsq9@instagram.com,249-804-6964,Bulgaria,Fixed,68013
Welsh,Edleston,Male,wedlestonqa@census.gov,804-566-7843,Bangladesh,Saving,68654
Maryl,Branford,Female,mbranfordqb@freewebs.com,339-658-6010,China,Saving,96250
Charley,Millis,Male,cmillisqc@google.com.hk,691-688-3974,China,Fixed,50099
Joanne,Wolverson,Female,jwolversonqd@globo.com,990-779-6546,Guatemala,Fixed,47423
Caria,Horsefield,Female,chorsefieldqe@disqus.com,852-377-2472,Spain,Saving,54400
Woody,Caffrey,Male,wcaffreyqf@dailymotion.com,273-956-5664,Russia,Fixed,97402
Myrwyn,Cuerdall,Male,mcuerdallqg@wordpress.org,238-631-6255,Poland,Fixed,63961
William,O' Sullivan,Male,wosullivanqh@buzzfeed.com,830-724-3138,China,Current,80957
Wayland,Bourton,Male,wbourtonqi@goo.gl,191-868-0512,Russia,Recurring,75769
Baxy,Aleksashin,Male,baleksashinqj@blinklist.com,866-246-9636,Greece,Current,78728
Faunie,Sheering,Female,fsheeringqk@hostgator.com,200-943-7956,Portugal,Recurring,58579
Nellie,Haslum,Female,nhaslumql@amazon.com,472-835-1068,Greece,Recurring,95313
Nathalia,Raddin,Female,nraddinqm@mtv.com,144-466-6480,Indonesia,Fixed,30499
Conchita,Birt,Female,cbirtqn@amazon.com,839-563-5073,Sweden,Current,71953
Anthia,O'Skehan,Female,aoskehanqo@naver.com,131-365-4150,China,Current,79549
Dotti,Marsie,Female,dmarsieqp@shinystat.com,221-805-9866,Brazil,Saving,42633
Eolanda,Kiossel,Female,ekiosselqq@bloomberg.com,773-370-8054,Philippines,Recurring,55217
Luci,Havis,Female,lhavisqr@stanford.edu,852-263-8434,China,Recurring,99926
Claudie,Canto,Female,ccantoqs@si.edu,755-239-1099,Uzbekistan,Current,87127
Davin,Rapley,Male,drapleyqt@walmart.com,285-993-9380,Ivory Coast,Saving,70846
Hartwell,Keigher,Male,hkeigherqu@ask.com,770-410-2705,Brazil,Recurring,78620
Arlen,Vispo,Bigender,avispoqv@csmonitor.com,814-855-4635,Madagascar,Fixed,73407
Giffie,Picardo,Male,gpicardoqw@yelp.com,686-451-8895,France,Saving,36056
Payton,Ledur,Male,pledurqx@drupal.org,438-854-0424,Bolivia,Recurring,65516
Ketti,Merricks,Female,kmerricksqy@weibo.com,658-251-1462,Brazil,Fixed,81599
Maddy,Kiehne,Female,mkiehneqz@csmonitor.com,606-113-7952,Brazil,Fixed,27737
Broddy,Corkel,Male,bcorkelr0@psu.edu,863-279-0177,China,Current,85051
Guglielma,Cropper,Female,gcropperr1@csmonitor.com,605-986-4578,Philippines,Fixed,31698
Ulrich,Dursley,Male,udursleyr2@ezinearticles.com,545-763-2584,Morocco,Saving,63991
Paco,Bowcock,Male,pbowcockr3@gravatar.com,566-299-2452,France,Fixed,86468
Bernette,Greste,Female,bgrester4@posterous.com,319-270-0683,Indonesia,Fixed,57096
Evin,Kuschke,Male,ekuschker5@weebly.com,467-713-8782,Indonesia,Current,95092
Torie,Comben,Polygender,tcombenr6@tmall.com,572-830-6911,Indonesia,Recurring,98877
Myrtie,Canning,Female,mcanningr7@netlog.com,287-466-4211,China,Current,54332
Odessa,Johncey,Female,ojohnceyr8@networkadvertising.org,887-203-4812,Croatia,Fixed,88190
Tanitansy,Drakeford,Female,tdrakefordr9@ox.ac.uk,489-662-9904,China,Recurring,39014
Queenie,Pieracci,Female,qpieraccira@reuters.com,201-660-0902,Peru,Recurring,87680
Ervin,Casbon,Male,ecasbonrb@vinaora.com,452-154-8343,Brazil,Saving,81575
Mendy,Bourthouloume,Male,mbourthouloumerc@marketwatch.com,307-386-8537,Indonesia,Recurring,54663
Martica,Halvosen,Female,mhalvosenrd@hhs.gov,411-827-5186,Angola,Recurring,90764
Antonietta,Taaffe,Female,ataaffere@aboutads.info,959-607-8902,Russia,Recurring,94951
Kim,Lapworth,Male,klapworthrf@amazon.co.uk,865-124-2521,Portugal,Current,83473
Dave,Milmoe,Genderfluid,dmilmoerg@biglobe.ne.jp,384-605-7910,Russia,Current,35433
Marcellus,Zottoli,Male,mzottolirh@state.gov,183-405-2323,China,Saving,95800
Bernette,Desvignes,Female,bdesvignesri@tumblr.com,402-736-4394,Poland,Recurring,34661
Adey,Jermyn,Female,ajermynrj@homestead.com,983-795-0481,China,Saving,41009
Joe,Gwillyam,Genderfluid,jgwillyamrk@lulu.com,918-491-7858,Russia,Recurring,97393
Patricio,Davidovic,Male,pdavidovicrl@moonfruit.com,646-672-9876,Albania,Saving,79445
Arleen,Pontain,Genderfluid,apontainrm@auda.org.au,156-249-8309,Malaysia,Current,26010
Jenni,Doberer,Female,jdobererrn@surveymonkey.com,188-652-3663,Portugal,Recurring,92291
Eveleen,Buncher,Female,ebuncherro@reuters.com,764-482-1405,China,Current,98272
Waldemar,Oslar,Male,woslarrp@gov.uk,243-647-5326,Russia,Recurring,50543
Mikaela,Morrel,Female,mmorrelrq@intel.com,855-756-0848,France,Recurring,97089
Pryce,Petrik,Male,ppetrikrr@spotify.com,430-677-0804,Portugal,Fixed,81213
